{"class_name": "Model", "config": {"name": "model_1", "layers": [{"name": "input_1", "class_name": "InputLayer", "config": {"batch_input_shape": [null, 200, 51], "dtype": "float32", "sparse": false, "name": "input_1"}, "inbound_nodes": []}, {"name": "conv1d_1", "class_name": "Conv1D", "config": {"name": "conv1d_1", "trainable": true, "filters": 32, "kernel_size": [16], "strides": [1], "padding": "same", "data_format": "channels_last", "dilation_rate": [1], "activation": "relu", "use_bias": true, "kernel_initializer": {"class_name": "RandomUniform", "config": {"minval": -0.05, "maxval": 0.05, "seed": null}}, "bias_initializer": {"class_name": "RandomUniform", "config": {"minval": -0.05, "maxval": 0.05, "seed": null}}, "kernel_regularizer": null, "bias_regularizer": null, "activity_regularizer": null, "kernel_constraint": null, "bias_constraint": null}, "inbound_nodes": [[["input_1", 0, 0, {}]]]}, {"name": "max_pooling1d_1", "class_name": "MaxPooling1D", "config": {"name": "max_pooling1d_1", "trainable": true, "strides": [2], "pool_size": [2], "padding": "valid", "data_format": "channels_last"}, "inbound_nodes": [[["conv1d_1", 0, 0, {}]]]}, {"name": "conv1d_2", "class_name": "Conv1D", "config": {"name": "conv1d_2", "trainable": true, "filters": 32, "kernel_size": [16], "strides": [1], "padding": "same", "data_format": "channels_last", "dilation_rate": [1], "activation": "relu", "use_bias": true, "kernel_initializer": {"class_name": "RandomUniform", "config": {"minval": -0.05, "maxval": 0.05, "seed": null}}, "bias_initializer": {"class_name": "RandomUniform", "config": {"minval": -0.05, "maxval": 0.05, "seed": null}}, "kernel_regularizer": null, "bias_regularizer": null, "activity_regularizer": null, "kernel_constraint": null, "bias_constraint": null}, "inbound_nodes": [[["max_pooling1d_1", 0, 0, {}]]]}, {"name": "max_pooling1d_2", "class_name": "MaxPooling1D", "config": {"name": "max_pooling1d_2", "trainable": true, "strides": [2], "pool_size": [2], "padding": "valid", "data_format": "channels_last"}, "inbound_nodes": [[["conv1d_2", 0, 0, {}]]]}, {"name": "conv1d_3", "class_name": "Conv1D", "config": {"name": "conv1d_3", "trainable": true, "filters": 32, "kernel_size": [4], "strides": [1], "padding": "same", "data_format": "channels_last", "dilation_rate": [1], "activation": "relu", "use_bias": true, "kernel_initializer": {"class_name": "RandomUniform", "config": {"minval": -0.05, "maxval": 0.05, "seed": null}}, "bias_initializer": {"class_name": "RandomUniform", "config": {"minval": -0.05, "maxval": 0.05, "seed": null}}, "kernel_regularizer": null, "bias_regularizer": null, "activity_regularizer": null, "kernel_constraint": null, "bias_constraint": null}, "inbound_nodes": [[["max_pooling1d_2", 0, 0, {}]]]}, {"name": "max_pooling1d_3", "class_name": "MaxPooling1D", "config": {"name": "max_pooling1d_3", "trainable": true, "strides": [2], "pool_size": [2], "padding": "valid", "data_format": "channels_last"}, "inbound_nodes": [[["conv1d_3", 0, 0, {}]]]}, {"name": "flatten_1", "class_name": "Flatten", "config": {"name": "flatten_1", "trainable": true, "data_format": "channels_last"}, "inbound_nodes": [[["max_pooling1d_3", 0, 0, {}]]]}, {"name": "dense_1", "class_name": "Dense", "config": {"name": "dense_1", "trainable": true, "units": 32, "activation": "relu", "use_bias": true, "kernel_initializer": {"class_name": "RandomUniform", "config": {"minval": -0.05, "maxval": 0.05, "seed": null}}, "bias_initializer": {"class_name": "RandomUniform", "config": {"minval": -0.05, "maxval": 0.05, "seed": null}}, "kernel_regularizer": null, "bias_regularizer": null, "activity_regularizer": null, "kernel_constraint": null, "bias_constraint": null}, "inbound_nodes": [[["flatten_1", 0, 0, {}]]]}, {"name": "dropout_1", "class_name": "Dropout", "config": {"name": "dropout_1", "trainable": true, "rate": 0.4, "noise_shape": null, "seed": null}, "inbound_nodes": [[["dense_1", 0, 0, {}]]]}, {"name": "dense_2", "class_name": "Dense", "config": {"name": "dense_2", "trainable": true, "units": 16, "activation": "relu", "use_bias": true, "kernel_initializer": {"class_name": "RandomUniform", "config": {"minval": -0.05, "maxval": 0.05, "seed": null}}, "bias_initializer": {"class_name": "RandomUniform", "config": {"minval": -0.05, "maxval": 0.05, "seed": null}}, "kernel_regularizer": null, "bias_regularizer": null, "activity_regularizer": null, "kernel_constraint": null, "bias_constraint": null}, "inbound_nodes": [[["dropout_1", 0, 0, {}]]]}, {"name": "dropout_2", "class_name": "Dropout", "config": {"name": "dropout_2", "trainable": true, "rate": 0.4, "noise_shape": null, "seed": null}, "inbound_nodes": [[["dense_2", 0, 0, {}]]]}, {"name": "dense_3", "class_name": "Dense", "config": {"name": "dense_3", "trainable": true, "units": 1, "activation": "sigmoid", "use_bias": true, "kernel_initializer": {"class_name": "RandomUniform", "config": {"minval": -0.05, "maxval": 0.05, "seed": null}}, "bias_initializer": {"class_name": "RandomUniform", "config": {"minval": -0.05, "maxval": 0.05, "seed": null}}, "kernel_regularizer": null, "bias_regularizer": null, "activity_regularizer": null, "kernel_constraint": null, "bias_constraint": null}, "inbound_nodes": [[["dropout_2", 0, 0, {}]]]}], "input_layers": [["input_1", 0, 0]], "output_layers": [["dense_3", 0, 0]]}, "keras_version": "2.2.4", "backend": "tensorflow"}