,round_epochs,val_loss,val_acc,loss,acc,alphabet_size,batch_size,control_class_weight,conv_activation,conv_bias_initializer,conv_kernel_initializer,conv_output_space,dense_activation,dense_bias_initializer,dense_kernel_initializer,dense_units_layer_2,dense_units_layer_3,dropout,epochs,large_filter_length,last_activation,loss,lr,max_sentence_length,number_of_large_filters,number_of_small_filters,optimizer,pd_class_weight,pool_length,small_filter_length
0,24,0.5513937941983215,0.7435897446086264,0.5378130574358203,0.7454718780358481,49,16,0.7911010558069381,relu,uniform,uniform,8,relu,uniform,uniform,32,32,0.4,200,40,sigmoid,binary_crossentropy,0.1,14000,1,1,<class 'keras.optimizers.Adam'>,1.3588082901554404,4,10
1,11,0.8555580285879282,0.6495726541576222,0.31574300420181994,0.8789323163782562,49,32,0.7911010558069381,relu,uniform,uniform,16,relu,uniform,uniform,16,32,0.4,200,40,sigmoid,binary_crossentropy,8.02,14000,1,1,<class 'keras.optimizers.Adam'>,1.3588082901554404,2,20
2,6,5.510459961035313,0.6581196586290995,8.059047852617088,0.6320305054703704,49,16,0.7911010558069381,relu,uniform,uniform,32,relu,uniform,uniform,32,64,0.30000000000000004,200,40,sigmoid,binary_crossentropy,8.02,14000,4,1,<class 'keras.optimizers.Nadam'>,1.3588082901554404,2,5
3,18,0.5613294783820454,0.7350427380993835,0.5549583697000836,0.7464251664846255,49,32,0.7911010558069381,relu,uniform,uniform,16,relu,uniform,uniform,16,32,0.4,200,160,sigmoid,binary_crossentropy,0.1,14000,4,4,<class 'keras.optimizers.Nadam'>,1.3588082901554404,4,10
4,11,0.6841225868616349,0.7179487225336906,0.4431512888496097,0.7874165866009046,49,32,0.7911010558069381,relu,uniform,uniform,16,relu,uniform,uniform,16,32,0.30000000000000004,200,20,sigmoid,binary_crossentropy,2.08,14000,1,2,<class 'keras.optimizers.Nadam'>,1.3588082901554404,4,10
5,9,0.6933885772004087,0.3418803431539454,0.6936906423309624,0.446139180043746,49,32,0.7911010558069381,relu,uniform,uniform,8,relu,uniform,uniform,16,32,0.0,200,20,sigmoid,binary_crossentropy,6.039999999999999,14000,2,4,<class 'keras.optimizers.Nadam'>,1.3588082901554404,4,5
6,8,0.12164511321446835,0.34188034200770223,0.11984851439301461,0.6015252621686379,49,16,0.7911010558069381,relu,uniform,uniform,16,relu,uniform,uniform,16,64,0.30000000000000004,200,40,sigmoid,logcosh,8.02,14000,1,1,<class 'keras.optimizers.Nadam'>,1.3588082901554404,2,5
7,8,0.13296294212341309,0.6837606840154045,0.034611418626094105,0.9122974261769349,49,16,0.7911010558069381,relu,uniform,uniform,8,relu,uniform,uniform,16,64,0.1,200,40,sigmoid,logcosh,4.06,14000,1,1,<class 'keras.optimizers.Adam'>,1.3588082901554404,2,20
8,18,0.6676512681520902,0.6923076933265752,0.35219651756113884,0.8512869400564436,49,16,0.7911010558069381,relu,uniform,uniform,16,relu,uniform,uniform,32,32,0.2,200,80,sigmoid,binary_crossentropy,0.1,14000,1,4,<class 'keras.optimizers.Nadam'>,1.3588082901554404,2,5
9,6,10.491997392768534,0.3418803431539454,7.971191794447267,0.367969495097834,49,32,0.7911010558069381,relu,uniform,uniform,32,relu,uniform,uniform,16,64,0.0,200,40,sigmoid,binary_crossentropy,2.08,14000,4,2,<class 'keras.optimizers.Nadam'>,1.3588082901554404,2,20
10,8,0.1483011692762375,0.6581196621951894,0.21689045135183943,0.632030504902166,49,32,0.7911010558069381,relu,uniform,uniform,32,relu,uniform,uniform,32,32,0.0,200,40,sigmoid,logcosh,8.02,14000,2,1,<class 'keras.optimizers.Nadam'>,1.3588082901554404,4,10
11,7,0.11815550331121837,0.6581196621951894,0.13047227453799107,0.6568160158208259,49,32,0.7911010558069381,relu,uniform,uniform,8,relu,uniform,uniform,32,32,0.1,200,20,sigmoid,logcosh,8.02,14000,1,2,<class 'keras.optimizers.Nadam'>,1.3588082901554404,2,10
12,16,0.6936815167084719,0.3418803431539454,0.6934158155984033,0.48331744493019935,49,32,0.7911010558069381,relu,uniform,uniform,16,relu,uniform,uniform,32,64,0.30000000000000004,200,80,sigmoid,binary_crossentropy,4.06,14000,2,4,<class 'keras.optimizers.Nadam'>,1.3588082901554404,4,20
13,6,0.1483011692762375,0.6581196621951894,0.21689045135183943,0.632030504902166,49,32,0.7911010558069381,relu,uniform,uniform,32,relu,uniform,uniform,32,64,0.1,200,160,sigmoid,logcosh,4.06,14000,4,4,<class 'keras.optimizers.Nadam'>,1.3588082901554404,4,20
14,6,0.12040376000934178,0.34188034200770223,0.12017254090314824,0.45471877980448155,49,16,0.7911010558069381,relu,uniform,uniform,8,relu,uniform,uniform,32,64,0.30000000000000004,200,40,sigmoid,logcosh,6.039999999999999,14000,2,1,<class 'keras.optimizers.Adam'>,1.3588082901554404,4,10
15,7,0.646287719408671,0.7094017099111508,0.5658767778493883,0.751191611114971,49,16,0.7911010558069381,relu,uniform,uniform,32,relu,uniform,uniform,32,64,0.2,200,40,sigmoid,binary_crossentropy,2.08,14000,2,1,<class 'keras.optimizers.Nadam'>,1.3588082901554404,2,5
16,10,0.5814681868267875,0.7350427352974558,0.5186758759592236,0.7664442328865808,49,32,0.7911010558069381,relu,uniform,uniform,32,relu,uniform,uniform,32,64,0.0,200,40,sigmoid,binary_crossentropy,0.1,14000,2,1,<class 'keras.optimizers.Adam'>,1.3588082901554404,2,10
17,7,1.2831069006879106,0.6153846158940568,0.16711036933522078,0.9380362249761678,49,16,0.7911010558069381,relu,uniform,uniform,32,relu,uniform,uniform,16,32,0.0,200,20,sigmoid,binary_crossentropy,2.08,14000,1,1,<class 'keras.optimizers.Nadam'>,1.3588082901554404,4,10
18,6,0.6305851630675487,0.7094017139866821,0.4359039417099566,0.807435652377835,49,32,0.7911010558069381,relu,uniform,uniform,8,relu,uniform,uniform,16,32,0.1,200,160,sigmoid,binary_crossentropy,6.039999999999999,14000,1,1,<class 'keras.optimizers.Adam'>,1.3588082901554404,2,20
19,9,0.6447881832082047,0.6666666671761081,0.5151719904945963,0.7797902764537655,49,16,0.7911010558069381,relu,uniform,uniform,8,relu,uniform,uniform,32,64,0.1,200,40,sigmoid,binary_crossentropy,8.02,14000,2,1,<class 'keras.optimizers.Adam'>,1.3588082901554404,4,20
20,16,0.5622186339818515,0.6666666679402702,0.513426586204307,0.7721639658520628,49,32,0.7911010558069381,relu,uniform,uniform,32,relu,uniform,uniform,16,64,0.1,200,40,sigmoid,binary_crossentropy,0.1,14000,1,4,<class 'keras.optimizers.Nadam'>,1.3588082901554404,4,5
21,6,0.11975464797936954,0.6581196621951894,0.12019912047654362,0.44423260242173057,49,32,0.7911010558069381,relu,uniform,uniform,16,relu,uniform,uniform,32,32,0.4,200,160,sigmoid,logcosh,4.06,14000,2,4,<class 'keras.optimizers.Nadam'>,1.3588082901554404,4,20
22,6,0.11981179877224131,0.6581196586290995,0.12016607455916355,0.4613918018295608,49,16,0.7911010558069381,relu,uniform,uniform,16,relu,uniform,uniform,16,64,0.30000000000000004,200,160,sigmoid,logcosh,2.08,14000,2,4,<class 'keras.optimizers.Nadam'>,1.3588082901554404,4,20
23,8,0.12005628479851617,0.6581196586290995,0.1202778789091383,0.6320305052714988,49,16,0.7911010558069381,relu,uniform,uniform,16,relu,uniform,uniform,16,32,0.0,200,20,sigmoid,logcosh,8.02,14000,1,2,<class 'keras.optimizers.Nadam'>,1.3588082901554404,2,10
24,6,0.2854797519170321,0.34188034200770223,0.21689045089727588,0.3679694949841931,49,16,0.7911010558069381,relu,uniform,uniform,16,relu,uniform,uniform,16,64,0.1,200,40,sigmoid,logcosh,2.08,14000,4,2,<class 'keras.optimizers.Nadam'>,1.3588082901554404,4,10
25,6,0.11996318540002546,0.6581196586290995,0.12021853431732571,0.6320305052714988,49,16,0.7911010558069381,relu,uniform,uniform,8,relu,uniform,uniform,16,64,0.0,200,160,sigmoid,logcosh,6.039999999999999,14000,2,4,<class 'keras.optimizers.Adam'>,1.3588082901554404,4,5
26,6,0.12000046033635099,0.6581196586290995,0.12013879360132154,0.5958055292457711,49,16,0.7911010558069381,relu,uniform,uniform,8,relu,uniform,uniform,32,32,0.30000000000000004,200,20,sigmoid,logcosh,4.06,14000,2,1,<class 'keras.optimizers.Adam'>,1.3588082901554404,2,20
27,6,0.6957227939214462,0.3418803431539454,0.6935662632333993,0.5319351761879753,49,32,0.7911010558069381,relu,uniform,uniform,8,relu,uniform,uniform,16,32,0.1,200,20,sigmoid,binary_crossentropy,6.039999999999999,14000,2,4,<class 'keras.optimizers.Nadam'>,1.3588082901554404,2,20
28,7,0.2854797570114462,0.3418803431539454,0.21535066227553798,0.37273593933043647,49,32,0.7911010558069381,relu,uniform,uniform,32,relu,uniform,uniform,32,32,0.30000000000000004,200,20,sigmoid,logcosh,6.039999999999999,14000,1,2,<class 'keras.optimizers.Nadam'>,1.3588082901554404,4,10
29,7,0.693234370304988,0.34188034200770223,0.6940448002319772,0.46139180174433014,49,16,0.7911010558069381,relu,uniform,uniform,8,relu,uniform,uniform,16,32,0.2,200,40,sigmoid,binary_crossentropy,6.039999999999999,14000,4,2,<class 'keras.optimizers.Nadam'>,1.3588082901554404,4,5
30,6,0.11926607558360466,0.6581196621951894,0.1201308110748392,0.632030505811293,49,32,0.7911010558069381,relu,uniform,uniform,16,relu,uniform,uniform,16,32,0.1,200,160,sigmoid,logcosh,0.1,14000,4,4,<class 'keras.optimizers.Adam'>,1.3588082901554404,2,5
31,9,0.12141028390480922,0.658119659138541,0.033832840663198915,0.9113441372735939,49,16,0.7911010558069381,relu,uniform,uniform,32,relu,uniform,uniform,32,64,0.2,200,80,sigmoid,logcosh,2.08,14000,1,1,<class 'keras.optimizers.Nadam'>,1.3588082901554404,4,5
32,19,0.08818184004889594,0.7008547013641423,0.08365813649842806,0.7702573881022015,49,16,0.7911010558069381,relu,uniform,uniform,16,relu,uniform,uniform,32,64,0.4,200,20,sigmoid,logcosh,0.1,14000,1,4,<class 'keras.optimizers.Nadam'>,1.3588082901554404,4,5
33,6,0.6938580371375777,0.3418803431539454,0.6931741627996825,0.4337464249111336,49,32,0.7911010558069381,relu,uniform,uniform,8,relu,uniform,uniform,16,64,0.1,200,20,sigmoid,binary_crossentropy,8.02,14000,1,4,<class 'keras.optimizers.Adam'>,1.3588082901554404,4,20
34,7,0.0850068866315051,0.7008547013641423,0.08110592897459368,0.7578646330406146,49,16,0.7911010558069381,relu,uniform,uniform,16,relu,uniform,uniform,32,32,0.1,200,40,sigmoid,logcosh,2.08,14000,2,1,<class 'keras.optimizers.Adam'>,1.3588082901554404,4,5
35,9,0.08537219063593791,0.7179487184581593,0.06307708685090135,0.8217349857006673,49,16,0.7911010558069381,relu,uniform,uniform,32,relu,uniform,uniform,32,64,0.1,200,20,sigmoid,logcosh,0.1,14000,2,4,<class 'keras.optimizers.Nadam'>,1.3588082901554404,2,10
36,11,0.5630693124909686,0.7435897476652749,0.5394634826053768,0.7530981889216529,49,32,0.7911010558069381,relu,uniform,uniform,8,relu,uniform,uniform,16,32,0.2,200,160,sigmoid,binary_crossentropy,0.1,14000,4,1,<class 'keras.optimizers.Nadam'>,1.3588082901554404,2,10
37,7,1.0872342240097177,0.7008547018735837,0.2114656856079347,0.9199237368922784,49,16,0.7911010558069381,relu,uniform,uniform,32,relu,uniform,uniform,32,32,0.2,200,80,sigmoid,binary_crossentropy,2.08,14000,1,1,<class 'keras.optimizers.Adam'>,1.3588082901554404,2,20
38,6,0.12047255714224954,0.34188034200770223,0.12026736627486459,0.5243088656146828,49,16,0.7911010558069381,relu,uniform,uniform,16,relu,uniform,uniform,16,32,0.1,200,160,sigmoid,logcosh,8.02,14000,1,4,<class 'keras.optimizers.Nadam'>,1.3588082901554404,2,5
39,14,0.7366909430577204,0.7008547018735837,0.42290570062040944,0.7902764539359522,49,16,0.7911010558069381,relu,uniform,uniform,16,relu,uniform,uniform,32,32,0.0,200,160,sigmoid,binary_crossentropy,2.08,14000,1,4,<class 'keras.optimizers.Adam'>,1.3588082901554404,4,20
40,13,0.5482331662096529,0.7179487230431321,0.4880089678005222,0.7893231656008157,49,32,0.7911010558069381,relu,uniform,uniform,32,relu,uniform,uniform,32,32,0.30000000000000004,200,40,sigmoid,binary_crossentropy,4.06,14000,2,2,<class 'keras.optimizers.Adam'>,1.3588082901554404,4,5
41,11,0.10294131195952749,0.6581196632140722,0.07253616988602085,0.7950428981685548,49,32,0.7911010558069381,relu,uniform,uniform,32,relu,uniform,uniform,32,64,0.0,200,160,sigmoid,logcosh,4.06,14000,2,4,<class 'keras.optimizers.Adam'>,1.3588082901554404,2,5
42,6,0.13885408270562816,0.6410256412803618,0.05830695269162366,0.8417540517616999,49,32,0.7911010558069381,relu,uniform,uniform,32,relu,uniform,uniform,32,32,0.30000000000000004,200,40,sigmoid,logcosh,8.02,14000,1,1,<class 'keras.optimizers.Adam'>,1.3588082901554404,2,10
43,6,0.6943042981318939,0.3418803431539454,0.6931509892070032,0.36796949458645,49,32,0.7911010558069381,relu,uniform,uniform,16,relu,uniform,uniform,16,64,0.2,200,20,sigmoid,binary_crossentropy,0.1,14000,4,4,<class 'keras.optimizers.Adam'>,1.3588082901554404,2,10
44,6,0.2854797519170321,0.34188034200770223,0.21689045214732564,0.36796949484214203,49,16,0.7911010558069381,relu,uniform,uniform,32,relu,uniform,uniform,32,32,0.1,200,20,sigmoid,logcosh,8.02,14000,4,4,<class 'keras.optimizers.Nadam'>,1.3588082901554404,2,5
45,6,0.6945163862318056,0.34188034200770223,0.6934440049588737,0.4032411821065799,49,16,0.7911010558069381,relu,uniform,uniform,8,relu,uniform,uniform,16,32,0.1,200,80,sigmoid,binary_crossentropy,6.039999999999999,14000,2,2,<class 'keras.optimizers.Adam'>,1.3588082901554404,2,20
46,12,0.08872491834510086,0.743589744099185,0.0866267676860293,0.7492850335923914,49,16,0.7911010558069381,relu,uniform,uniform,16,relu,uniform,uniform,16,32,0.1,200,80,sigmoid,logcosh,2.08,14000,2,2,<class 'keras.optimizers.Adam'>,1.3588082901554404,4,20
47,13,0.09021699339406103,0.6837606847795665,0.07186875178401418,0.7969494758047753,49,16,0.7911010558069381,relu,uniform,uniform,16,relu,uniform,uniform,16,32,0.2,200,80,sigmoid,logcosh,0.1,14000,1,4,<class 'keras.optimizers.Nadam'>,1.3588082901554404,2,10
48,11,0.5785385645352877,0.6581196621951894,0.5463572184282672,0.7483317442913073,49,32,0.7911010558069381,relu,uniform,uniform,8,relu,uniform,uniform,16,32,0.0,200,40,sigmoid,binary_crossentropy,8.02,14000,4,1,<class 'keras.optimizers.Adam'>,1.3588082901554404,4,10
49,6,10.491997392768534,0.3418803431539454,7.971191882632595,0.3679694947000909,49,32,0.7911010558069381,relu,uniform,uniform,32,relu,uniform,uniform,16,32,0.1,200,160,sigmoid,binary_crossentropy,6.039999999999999,14000,2,1,<class 'keras.optimizers.Nadam'>,1.3588082901554404,4,5
50,7,0.09377089671344839,0.7008547054396735,0.09215539620676078,0.7397521446726228,49,32,0.7911010558069381,relu,uniform,uniform,16,relu,uniform,uniform,16,32,0.1,200,20,sigmoid,logcosh,2.08,14000,2,2,<class 'keras.optimizers.Adam'>,1.3588082901554404,2,20
51,6,0.12006155885437615,0.6581196621951894,0.12017101495463696,0.40991420374812115,49,32,0.7911010558069381,relu,uniform,uniform,8,relu,uniform,uniform,16,32,0.30000000000000004,200,20,sigmoid,logcosh,2.08,14000,2,4,<class 'keras.optimizers.Nadam'>,1.3588082901554404,2,20
52,13,0.8207567318891867,0.7521367562122834,0.23392768319273585,0.8903717820251181,49,32,0.7911010558069381,relu,uniform,uniform,8,relu,uniform,uniform,16,64,0.1,200,20,sigmoid,binary_crossentropy,4.06,14000,2,1,<class 'keras.optimizers.Adam'>,1.3588082901554404,2,20
53,12,0.08890408927049392,0.7435897471558335,0.09520098382342532,0.7044804582604917,49,32,0.7911010558069381,relu,uniform,uniform,8,relu,uniform,uniform,32,32,0.0,200,40,sigmoid,logcosh,0.1,14000,4,1,<class 'keras.optimizers.Adam'>,1.3588082901554404,4,10
54,11,0.11982462688898429,0.6581196621951894,0.1201380317883337,0.6205910396530472,49,32,0.7911010558069381,relu,uniform,uniform,8,relu,uniform,uniform,16,32,0.30000000000000004,200,20,sigmoid,logcosh,6.039999999999999,14000,4,4,<class 'keras.optimizers.Adam'>,1.3588082901554404,4,20
55,7,1.0995927453041077,0.6752136792892065,0.179336581517675,0.928503336397322,49,32,0.7911010558069381,relu,uniform,uniform,16,relu,uniform,uniform,16,64,0.0,200,20,sigmoid,binary_crossentropy,2.08,14000,1,1,<class 'keras.optimizers.Adam'>,1.3588082901554404,2,10
56,6,0.12017243546553147,0.34188034200770223,0.12024336422592032,0.5243088656715033,49,16,0.7911010558069381,relu,uniform,uniform,16,relu,uniform,uniform,32,32,0.4,200,80,sigmoid,logcosh,6.039999999999999,14000,1,4,<class 'keras.optimizers.Adam'>,1.3588082901554404,2,10
57,10,0.09091346188742891,0.7606837611932021,0.10063166963957514,0.7530981889216529,49,16,0.7911010558069381,relu,uniform,uniform,16,relu,uniform,uniform,32,32,0.2,200,80,sigmoid,logcosh,8.02,14000,1,1,<class 'keras.optimizers.Adam'>,1.3588082901554404,2,20
58,13,0.6936158191444527,0.3418803431539454,0.6934528022407918,0.4947569110032146,49,32,0.7911010558069381,relu,uniform,uniform,32,relu,uniform,uniform,32,32,0.30000000000000004,200,40,sigmoid,binary_crossentropy,6.039999999999999,14000,4,2,<class 'keras.optimizers.Nadam'>,1.3588082901554404,4,10
59,7,0.11757769633052695,0.7008547013641423,0.16417515439800812,0.5729265967872281,49,16,0.7911010558069381,relu,uniform,uniform,32,relu,uniform,uniform,16,64,0.4,200,80,sigmoid,logcosh,6.039999999999999,14000,2,4,<class 'keras.optimizers.Adam'>,1.3588082901554404,4,5
60,12,0.5442463098428189,0.726495727005168,0.5244248621343316,0.7559580554612144,49,16,0.7911010558069381,relu,uniform,uniform,32,relu,uniform,uniform,16,32,0.30000000000000004,200,20,sigmoid,binary_crossentropy,0.1,14000,2,1,<class 'keras.optimizers.Nadam'>,1.3588082901554404,4,5
61,22,0.7006310856240427,0.6837606842701252,0.27976217874466974,0.8846520496278405,49,16,0.7911010558069381,relu,uniform,uniform,16,relu,uniform,uniform,32,64,0.4,200,20,sigmoid,binary_crossentropy,0.1,14000,2,4,<class 'keras.optimizers.Nadam'>,1.3588082901554404,2,5
62,21,0.675632413635906,0.6837606847795665,0.30584365064127317,0.86272640627151,49,16,0.7911010558069381,relu,uniform,uniform,32,relu,uniform,uniform,16,64,0.2,200,20,sigmoid,binary_crossentropy,0.1,14000,1,2,<class 'keras.optimizers.Nadam'>,1.3588082901554404,4,10
63,6,0.2854797570114462,0.3418803431539454,0.21689045220414607,0.36796949489896247,49,32,0.7911010558069381,relu,uniform,uniform,32,relu,uniform,uniform,16,64,0.0,200,80,sigmoid,logcosh,6.039999999999999,14000,4,1,<class 'keras.optimizers.Nadam'>,1.3588082901554404,4,20
64,21,0.5482741105250823,0.6837606873267736,0.48068748663105887,0.7826501427660452,49,32,0.7911010558069381,relu,uniform,uniform,32,relu,uniform,uniform,16,64,0.30000000000000004,200,40,sigmoid,binary_crossentropy,0.1,14000,1,4,<class 'keras.optimizers.Nadam'>,1.3588082901554404,4,10
65,7,0.6945165889894861,0.34188034200770223,0.7379135239453857,0.37082936132488303,49,16,0.7911010558069381,relu,uniform,uniform,32,relu,uniform,uniform,32,64,0.30000000000000004,200,160,sigmoid,binary_crossentropy,6.039999999999999,14000,2,1,<class 'keras.optimizers.Nadam'>,1.3588082901554404,4,20
66,15,0.5484189895483164,0.7008547054396735,0.4560057018573677,0.7969494763729797,49,32,0.7911010558069381,relu,uniform,uniform,32,relu,uniform,uniform,16,32,0.4,200,80,sigmoid,binary_crossentropy,0.1,14000,1,4,<class 'keras.optimizers.Nadam'>,1.3588082901554404,2,20
67,22,0.5437312645789905,0.7350427355521765,0.5144940816412891,0.7750238323916243,49,16,0.7911010558069381,relu,uniform,uniform,8,relu,uniform,uniform,16,32,0.1,200,20,sigmoid,binary_crossentropy,0.1,14000,1,2,<class 'keras.optimizers.Nadam'>,1.3588082901554404,4,20
68,15,0.5567875377133361,0.7350427396277077,0.5454779603688119,0.7712106766077993,49,32,0.7911010558069381,relu,uniform,uniform,8,relu,uniform,uniform,16,32,0.30000000000000004,200,160,sigmoid,binary_crossentropy,0.1,14000,1,2,<class 'keras.optimizers.Nadam'>,1.3588082901554404,4,10
69,8,0.6545926908142546,0.683760687836215,0.6639061719037103,0.7016205917209302,49,32,0.7911010558069381,relu,uniform,uniform,16,relu,uniform,uniform,32,64,0.30000000000000004,200,160,sigmoid,binary_crossentropy,4.06,14000,4,2,<class 'keras.optimizers.Adam'>,1.3588082901554404,2,10
70,7,0.578289256646083,0.7350427386088249,0.502935972608079,0.7855100089078636,49,32,0.7911010558069381,relu,uniform,uniform,32,relu,uniform,uniform,32,32,0.2,200,40,sigmoid,binary_crossentropy,6.039999999999999,14000,1,4,<class 'keras.optimizers.Adam'>,1.3588082901554404,2,10
71,6,0.694465402354542,0.3418803431539454,0.6936136527897859,0.5319351763868468,49,32,0.7911010558069381,relu,uniform,uniform,16,relu,uniform,uniform,16,32,0.2,200,40,sigmoid,binary_crossentropy,8.02,14000,2,2,<class 'keras.optimizers.Nadam'>,1.3588082901554404,2,5
72,16,0.6895997570111201,0.6495726531387395,0.6950620051448521,0.628217350027468,49,32,0.7911010558069381,relu,uniform,uniform,8,relu,uniform,uniform,16,32,0.1,200,160,sigmoid,binary_crossentropy,6.039999999999999,14000,2,1,<class 'keras.optimizers.Nadam'>,1.3588082901554404,2,20
73,6,0.12019577087500156,0.34188034200770223,0.1202267454963735,0.603431839875884,49,16,0.7911010558069381,relu,uniform,uniform,8,relu,uniform,uniform,16,64,0.4,200,40,sigmoid,logcosh,6.039999999999999,14000,4,1,<class 'keras.optimizers.Nadam'>,1.3588082901554404,4,20
74,11,0.12125879016696897,0.34188034200770223,0.12026402774711696,0.5738798857189793,49,16,0.7911010558069381,relu,uniform,uniform,8,relu,uniform,uniform,32,32,0.1,200,160,sigmoid,logcosh,8.02,14000,1,4,<class 'keras.optimizers.Nadam'>,1.3588082901554404,2,20
75,21,0.5298932561507592,0.7606837652687334,0.5358909381015512,0.7397521446726228,49,32,0.7911010558069381,relu,uniform,uniform,8,relu,uniform,uniform,16,32,0.1,200,80,sigmoid,binary_crossentropy,0.1,14000,4,1,<class 'keras.optimizers.Adam'>,1.3588082901554404,2,20
76,7,0.14830116545542693,0.6581196586290995,0.21689250698762352,0.6320305054703704,49,16,0.7911010558069381,relu,uniform,uniform,16,relu,uniform,uniform,32,64,0.0,200,40,sigmoid,logcosh,8.02,14000,2,2,<class 'keras.optimizers.Adam'>,1.3588082901554404,4,20
77,22,0.5597786256390759,0.7179487225336906,0.4244656160800541,0.811248807763917,49,32,0.7911010558069381,relu,uniform,uniform,32,relu,uniform,uniform,32,64,0.4,200,40,sigmoid,binary_crossentropy,0.1,14000,1,2,<class 'keras.optimizers.Adam'>,1.3588082901554404,2,10
78,8,0.10404120003565764,0.7008547049302322,0.10562938406310614,0.7140133466120557,49,32,0.7911010558069381,relu,uniform,uniform,32,relu,uniform,uniform,16,64,0.30000000000000004,200,20,sigmoid,logcosh,8.02,14000,4,1,<class 'keras.optimizers.Adam'>,1.3588082901554404,2,20
79,13,0.6935857432520288,0.34188034200770223,0.6934194427882068,0.4947569115145986,49,16,0.7911010558069381,relu,uniform,uniform,16,relu,uniform,uniform,16,32,0.4,200,40,sigmoid,binary_crossentropy,2.08,14000,4,2,<class 'keras.optimizers.Nadam'>,1.3588082901554404,2,10
80,10,0.2854797519170321,0.34188034200770223,0.21689045145837776,0.3679694949273727,49,16,0.7911010558069381,relu,uniform,uniform,32,relu,uniform,uniform,32,32,0.0,200,80,sigmoid,logcosh,4.06,14000,1,2,<class 'keras.optimizers.Nadam'>,1.3588082901554404,4,10
81,6,0.6946702156311426,0.3418803431539454,0.6935880189855629,0.5510009536297692,49,32,0.7911010558069381,relu,uniform,uniform,16,relu,uniform,uniform,32,32,0.30000000000000004,200,40,sigmoid,binary_crossentropy,4.06,14000,4,1,<class 'keras.optimizers.Nadam'>,1.3588082901554404,2,5
82,6,0.12029649113487993,0.3418803431539454,0.12013733732177599,0.3679694947000909,49,32,0.7911010558069381,relu,uniform,uniform,8,relu,uniform,uniform,32,32,0.2,200,40,sigmoid,logcosh,6.039999999999999,14000,4,2,<class 'keras.optimizers.Adam'>,1.3588082901554404,4,5
83,10,0.6949116567261199,0.34188034200770223,0.6936211615545166,0.46234509059085066,49,16,0.7911010558069381,relu,uniform,uniform,32,relu,uniform,uniform,32,64,0.4,200,40,sigmoid,binary_crossentropy,4.06,14000,1,4,<class 'keras.optimizers.Nadam'>,1.3588082901554404,2,20
84,10,0.6950256126558679,0.3418803431539454,0.6934473607174207,0.4461391802284124,49,32,0.7911010558069381,relu,uniform,uniform,32,relu,uniform,uniform,16,32,0.4,200,40,sigmoid,binary_crossentropy,4.06,14000,4,2,<class 'keras.optimizers.Nadam'>,1.3588082901554404,2,10
85,18,0.08557823351305774,0.7521367567217249,0.07120154444323595,0.8055290755939211,49,32,0.7911010558069381,relu,uniform,uniform,8,relu,uniform,uniform,16,64,0.0,200,80,sigmoid,logcosh,0.1,14000,1,1,<class 'keras.optimizers.Nadam'>,1.3588082901554404,4,5
86,6,0.12045435410024774,0.3418803431539454,0.12015541057653718,0.36796949489896247,49,32,0.7911010558069381,relu,uniform,uniform,8,relu,uniform,uniform,16,64,0.4,200,160,sigmoid,logcosh,4.06,14000,2,4,<class 'keras.optimizers.Nadam'>,1.3588082901554404,4,5
87,6,0.2854797570114462,0.3418803431539454,0.21712520985630607,0.36796949450121935,49,32,0.7911010558069381,relu,uniform,uniform,32,relu,uniform,uniform,32,32,0.4,200,40,sigmoid,logcosh,6.039999999999999,14000,4,2,<class 'keras.optimizers.Nadam'>,1.3588082901554404,4,20
88,14,0.5775602979537768,0.726495729552375,0.5980100728876825,0.7445185893029684,49,32,0.7911010558069381,relu,uniform,uniform,32,relu,uniform,uniform,32,32,0.2,200,20,sigmoid,binary_crossentropy,6.039999999999999,14000,4,1,<class 'keras.optimizers.Adam'>,1.3588082901554404,4,5
89,6,0.1483011692762375,0.6581196621951894,0.21689045138024965,0.632030505811293,49,32,0.7911010558069381,relu,uniform,uniform,32,relu,uniform,uniform,16,32,0.0,200,40,sigmoid,logcosh,4.06,14000,1,4,<class 'keras.optimizers.Nadam'>,1.3588082901554404,2,10
90,7,0.6911135575710199,0.6581196621951894,0.6934423908037272,0.5996186841204691,49,32,0.7911010558069381,relu,uniform,uniform,8,relu,uniform,uniform,32,64,0.30000000000000004,200,20,sigmoid,binary_crossentropy,6.039999999999999,14000,4,1,<class 'keras.optimizers.Adam'>,1.3588082901554404,2,10
91,8,0.09107503422305115,0.7350427355521765,0.09838530411313441,0.7168732127538741,49,16,0.7911010558069381,relu,uniform,uniform,8,relu,uniform,uniform,32,64,0.1,200,160,sigmoid,logcosh,2.08,14000,2,4,<class 'keras.optimizers.Nadam'>,1.3588082901554404,4,20
92,6,0.6944952418661525,0.34188034200770223,0.6933455263806935,0.3832221163154444,49,16,0.7911010558069381,relu,uniform,uniform,8,relu,uniform,uniform,16,32,0.4,200,40,sigmoid,binary_crossentropy,2.08,14000,4,2,<class 'keras.optimizers.Adam'>,1.3588082901554404,2,20
93,7,0.9246216248243283,0.6324786329880739,0.34746390501582364,0.8627264061578691,49,16,0.7911010558069381,relu,uniform,uniform,32,relu,uniform,uniform,32,64,0.1,200,80,sigmoid,binary_crossentropy,2.08,14000,1,2,<class 'keras.optimizers.Nadam'>,1.3588082901554404,2,5
94,8,0.6370254072368654,0.743589744099185,0.5625241994857788,0.766444232659299,49,16,0.7911010558069381,relu,uniform,uniform,8,relu,uniform,uniform,16,32,0.2,200,40,sigmoid,binary_crossentropy,8.02,14000,2,1,<class 'keras.optimizers.Adam'>,1.3588082901554404,4,20
95,6,0.6922561256294577,0.6581196621951894,0.6933334030004997,0.4089609151857029,49,32,0.7911010558069381,relu,uniform,uniform,8,relu,uniform,uniform,16,64,0.30000000000000004,200,80,sigmoid,binary_crossentropy,4.06,14000,2,2,<class 'keras.optimizers.Nadam'>,1.3588082901554404,4,5
96,9,0.6938254237174988,0.34188034200770223,0.713493414784296,0.49094375604328594,49,16,0.7911010558069381,relu,uniform,uniform,16,relu,uniform,uniform,32,32,0.30000000000000004,200,20,sigmoid,binary_crossentropy,8.02,14000,1,2,<class 'keras.optimizers.Nadam'>,1.3588082901554404,4,10
97,6,0.6937383718979664,0.34188034200770223,0.6933149066394119,0.6120114394945685,49,16,0.7911010558069381,relu,uniform,uniform,8,relu,uniform,uniform,32,64,0.30000000000000004,200,160,sigmoid,binary_crossentropy,6.039999999999999,14000,4,2,<class 'keras.optimizers.Adam'>,1.3588082901554404,2,10
98,15,0.0858744628663756,0.743589744099185,0.08169152330539702,0.7702573881022015,49,16,0.7911010558069381,relu,uniform,uniform,8,relu,uniform,uniform,32,64,0.0,200,80,sigmoid,logcosh,0.1,14000,1,4,<class 'keras.optimizers.Adam'>,1.3588082901554404,2,10
99,9,0.6750096857038319,0.6666666666666666,0.6889896071218558,0.6463298381681779,49,16,0.7911010558069381,relu,uniform,uniform,32,relu,uniform,uniform,32,32,0.30000000000000004,200,80,sigmoid,binary_crossentropy,2.08,14000,2,2,<class 'keras.optimizers.Nadam'>,1.3588082901554404,4,20
100,16,0.08692659323032086,0.7350427352974558,0.08001841461238006,0.7855100097033498,49,32,0.7911010558069381,relu,uniform,uniform,16,relu,uniform,uniform,16,64,0.0,200,80,sigmoid,logcosh,0.1,14000,2,2,<class 'keras.optimizers.Adam'>,1.3588082901554404,2,5
101,9,0.09082670911000325,0.752136755702842,0.08031451996873969,0.7597712109609372,49,32,0.7911010558069381,relu,uniform,uniform,32,relu,uniform,uniform,32,64,0.0,200,80,sigmoid,logcosh,2.08,14000,2,2,<class 'keras.optimizers.Adam'>,1.3588082901554404,4,5
102,7,0.09515533908310099,0.7521367526461935,0.08903200907350382,0.7387988562238456,49,16,0.7911010558069381,relu,uniform,uniform,8,relu,uniform,uniform,32,64,0.30000000000000004,200,40,sigmoid,logcosh,8.02,14000,1,2,<class 'keras.optimizers.Adam'>,1.3588082901554404,4,5
103,8,0.9741586018831302,0.6837606840154045,0.36182534458866794,0.8446139173921343,49,32,0.7911010558069381,relu,uniform,uniform,32,relu,uniform,uniform,32,64,0.1,200,160,sigmoid,binary_crossentropy,6.039999999999999,14000,1,2,<class 'keras.optimizers.Adam'>,1.3588082901554404,2,20
104,7,0.6954527624651917,0.3418803431539454,0.7294307253949408,0.6329837938339171,49,32,0.7911010558069381,relu,uniform,uniform,32,relu,uniform,uniform,16,64,0.30000000000000004,200,80,sigmoid,binary_crossentropy,8.02,14000,2,2,<class 'keras.optimizers.Nadam'>,1.3588082901554404,2,10
105,7,0.692417937466222,0.6581196586290995,0.6932885488859236,0.47950428991345023,49,16,0.7911010558069381,relu,uniform,uniform,32,relu,uniform,uniform,16,64,0.0,200,20,sigmoid,binary_crossentropy,8.02,14000,2,4,<class 'keras.optimizers.Adam'>,1.3588082901554404,4,20
106,7,0.7439115730106322,0.7008547049302322,0.3620414200626861,0.8455672062386548,49,32,0.7911010558069381,relu,uniform,uniform,32,relu,uniform,uniform,16,64,0.30000000000000004,200,80,sigmoid,binary_crossentropy,2.08,14000,1,1,<class 'keras.optimizers.Adam'>,1.3588082901554404,4,5
107,8,0.08631615614534444,0.6837606888550979,0.09128114024978007,0.7492850331378279,49,32,0.7911010558069381,relu,uniform,uniform,8,relu,uniform,uniform,16,64,0.2,200,160,sigmoid,logcosh,4.06,14000,2,1,<class 'keras.optimizers.Nadam'>,1.3588082901554404,2,5
108,6,0.2854797570114462,0.3418803431539454,0.2174523449489568,0.3670162059814164,49,32,0.7911010558069381,relu,uniform,uniform,32,relu,uniform,uniform,16,32,0.1,200,160,sigmoid,logcosh,6.039999999999999,14000,4,1,<class 'keras.optimizers.Nadam'>,1.3588082901554404,4,20
109,6,5.510459961035313,0.6581196586290995,8.01514888377958,0.6234509058516859,49,16,0.7911010558069381,relu,uniform,uniform,16,relu,uniform,uniform,16,64,0.2,200,160,sigmoid,binary_crossentropy,8.02,14000,4,1,<class 'keras.optimizers.Adam'>,1.3588082901554404,2,5
110,7,0.11394997399586898,0.6837606883456564,0.046494155365785494,0.8703527172709556,49,32,0.7911010558069381,relu,uniform,uniform,8,relu,uniform,uniform,16,64,0.1,200,80,sigmoid,logcosh,4.06,14000,1,1,<class 'keras.optimizers.Adam'>,1.3588082901554404,2,5
111,18,0.9365443439565153,0.700854701618863,0.44128485698718134,0.8369876075290974,49,32,0.7911010558069381,relu,uniform,uniform,16,relu,uniform,uniform,16,32,0.0,200,40,sigmoid,binary_crossentropy,8.02,14000,2,1,<class 'keras.optimizers.Adam'>,1.3588082901554404,4,10
112,10,0.12462604618989505,0.692307692562413,0.04552593674897807,0.8827454720484403,49,16,0.7911010558069381,relu,uniform,uniform,16,relu,uniform,uniform,32,64,0.1,200,20,sigmoid,logcosh,6.039999999999999,14000,2,1,<class 'keras.optimizers.Adam'>,1.3588082901554404,2,20
113,6,0.692851561256963,0.6581196586290995,0.6935070791735436,0.45471877990391735,49,16,0.7911010558069381,relu,uniform,uniform,32,relu,uniform,uniform,32,64,0.4,200,40,sigmoid,binary_crossentropy,8.02,14000,1,4,<class 'keras.optimizers.Adam'>,1.3588082901554404,2,5
114,10,0.6901560028394064,0.7179487215148078,0.423933484732707,0.8026692091680004,49,32,0.7911010558069381,relu,uniform,uniform,8,relu,uniform,uniform,16,32,0.1,200,80,sigmoid,binary_crossentropy,4.06,14000,2,1,<class 'keras.optimizers.Adam'>,1.3588082901554404,2,10
115,6,0.6926223396236061,0.6581196586290995,0.6936200292935476,0.4394661583595894,49,16,0.7911010558069381,relu,uniform,uniform,16,relu,uniform,uniform,16,32,0.4,200,20,sigmoid,binary_crossentropy,8.02,14000,4,1,<class 'keras.optimizers.Adam'>,1.3588082901554404,4,10
116,7,0.6945733713288592,0.34188034200770223,0.6935397260409519,0.36796949477111646,49,16,0.7911010558069381,relu,uniform,uniform,8,relu,uniform,uniform,32,32,0.1,200,80,sigmoid,binary_crossentropy,4.06,14000,1,4,<class 'keras.optimizers.Nadam'>,1.3588082901554404,4,5
117,6,0.6919917596711053,0.6581196621951894,0.693456663189898,0.4232602475994081,49,32,0.7911010558069381,relu,uniform,uniform,8,relu,uniform,uniform,32,64,0.4,200,160,sigmoid,binary_crossentropy,4.06,14000,4,1,<class 'keras.optimizers.Nadam'>,1.3588082901554404,4,5
118,14,0.5496193297907838,0.7179487225336906,0.42516354967913705,0.8122020974059236,49,32,0.7911010558069381,relu,uniform,uniform,16,relu,uniform,uniform,32,32,0.30000000000000004,200,20,sigmoid,binary_crossentropy,0.1,14000,1,1,<class 'keras.optimizers.Nadam'>,1.3588082901554404,2,20
119,10,0.11892017951378456,0.658119659138541,0.032103423801920175,0.90371782650143,49,16,0.7911010558069381,relu,uniform,uniform,8,relu,uniform,uniform,32,64,0.2,200,40,sigmoid,logcosh,4.06,14000,1,1,<class 'keras.optimizers.Adam'>,1.3588082901554404,4,5
120,6,0.6923123297528324,0.6581196621951894,0.693412387336971,0.592945662365287,49,32,0.7911010558069381,relu,uniform,uniform,16,relu,uniform,uniform,16,32,0.4,200,160,sigmoid,binary_crossentropy,4.06,14000,2,4,<class 'keras.optimizers.Nadam'>,1.3588082901554404,2,5
121,14,0.08532269821207747,0.7179487184581593,0.0874175306327918,0.7330791231447226,49,16,0.7911010558069381,relu,uniform,uniform,8,relu,uniform,uniform,32,32,0.1,200,160,sigmoid,logcosh,0.1,14000,1,1,<class 'keras.optimizers.Adam'>,1.3588082901554404,2,5
122,9,0.6663855069722885,0.7179487220242492,0.4262196605153261,0.820781697138249,49,32,0.7911010558069381,relu,uniform,uniform,16,relu,uniform,uniform,16,64,0.1,200,160,sigmoid,binary_crossentropy,4.06,14000,1,2,<class 'keras.optimizers.Nadam'>,1.3588082901554404,4,10
123,6,0.14830116545542693,0.6581196586290995,0.21689045145127522,0.6320305054703704,49,16,0.7911010558069381,relu,uniform,uniform,16,relu,uniform,uniform,32,64,0.0,200,20,sigmoid,logcosh,4.06,14000,4,1,<class 'keras.optimizers.Nadam'>,1.3588082901554404,2,10
124,7,0.12026567903594074,0.34188034200770223,0.1201355356733724,0.382268827483129,49,16,0.7911010558069381,relu,uniform,uniform,8,relu,uniform,uniform,32,32,0.2,200,80,sigmoid,logcosh,2.08,14000,4,4,<class 'keras.optimizers.Adam'>,1.3588082901554404,2,10
125,17,0.08086871661436863,0.7692307722874177,0.08674582515845876,0.7473784554447869,49,32,0.7911010558069381,relu,uniform,uniform,32,relu,uniform,uniform,16,64,0.1,200,40,sigmoid,logcosh,0.1,14000,4,1,<class 'keras.optimizers.Adam'>,1.3588082901554404,4,5
126,6,0.11974779153481507,0.6581196586290995,0.12013593805444252,0.6062917065006762,49,16,0.7911010558069381,relu,uniform,uniform,32,relu,uniform,uniform,16,64,0.30000000000000004,200,80,sigmoid,logcosh,4.06,14000,4,4,<class 'keras.optimizers.Adam'>,1.3588082901554404,2,5
127,10,0.6920794839532967,0.6581196621951894,0.6933690194179036,0.5443279310222804,49,32,0.7911010558069381,relu,uniform,uniform,32,relu,uniform,uniform,32,64,0.1,200,20,sigmoid,binary_crossentropy,4.06,14000,2,4,<class 'keras.optimizers.Nadam'>,1.3588082901554404,4,5
128,6,5.510459961035313,0.6581196586290995,8.059047850798834,0.63203050541355,49,16,0.7911010558069381,relu,uniform,uniform,32,relu,uniform,uniform,32,32,0.0,200,40,sigmoid,binary_crossentropy,8.02,14000,1,1,<class 'keras.optimizers.Nadam'>,1.3588082901554404,2,20
129,6,0.12058932366024734,0.34188034200770223,0.12023841082566801,0.502383222343583,49,16,0.7911010558069381,relu,uniform,uniform,8,relu,uniform,uniform,16,32,0.4,200,80,sigmoid,logcosh,4.06,14000,4,2,<class 'keras.optimizers.Nadam'>,1.3588082901554404,4,10
130,9,0.12022439040179946,0.34188034200770223,0.12017706340557058,0.5538608198568182,49,16,0.7911010558069381,relu,uniform,uniform,32,relu,uniform,uniform,32,64,0.2,200,20,sigmoid,logcosh,2.08,14000,4,1,<class 'keras.optimizers.Nadam'>,1.3588082901554404,4,20
131,15,0.6932852410862589,0.34188034200770223,0.69356374461044,0.5243088656004777,49,16,0.7911010558069381,relu,uniform,uniform,16,relu,uniform,uniform,32,64,0.30000000000000004,200,40,sigmoid,binary_crossentropy,2.08,14000,4,4,<class 'keras.optimizers.Nadam'>,1.3588082901554404,2,10
132,8,0.6893777455020155,0.675213675468396,0.44835979127111153,0.7807435649593634,49,32,0.7911010558069381,relu,uniform,uniform,8,relu,uniform,uniform,32,32,0.0,200,160,sigmoid,binary_crossentropy,2.08,14000,1,2,<class 'keras.optimizers.Adam'>,1.3588082901554404,2,10
133,6,0.14830116545542693,0.6581196586290995,0.21576666672872974,0.633937083106591,49,16,0.7911010558069381,relu,uniform,uniform,16,relu,uniform,uniform,16,64,0.2,200,160,sigmoid,logcosh,6.039999999999999,14000,2,4,<class 'keras.optimizers.Nadam'>,1.3588082901554404,4,20
134,9,0.6927788670246418,0.6581196586290995,0.693765828504917,0.3727359392167956,49,16,0.7911010558069381,relu,uniform,uniform,8,relu,uniform,uniform,32,64,0.4,200,80,sigmoid,binary_crossentropy,8.02,14000,2,2,<class 'keras.optimizers.Nadam'>,1.3588082901554404,2,20
135,20,0.5735593208899865,0.6837606847795665,0.5401699596978689,0.7559580553475735,49,16,0.7911010558069381,relu,uniform,uniform,32,relu,uniform,uniform,16,64,0.2,200,20,sigmoid,binary_crossentropy,0.1,14000,1,2,<class 'keras.optimizers.Adam'>,1.3588082901554404,4,5
136,7,0.8040469222598605,0.6410256420445238,0.6794550676250367,0.6291706388739885,49,16,0.7911010558069381,relu,uniform,uniform,16,relu,uniform,uniform,32,32,0.1,200,160,sigmoid,binary_crossentropy,8.02,14000,2,1,<class 'keras.optimizers.Adam'>,1.3588082901554404,4,20
137,6,0.12039190670873365,0.3418803431539454,0.12017218947581045,0.371782650483916,49,32,0.7911010558069381,relu,uniform,uniform,16,relu,uniform,uniform,32,64,0.1,200,20,sigmoid,logcosh,4.06,14000,4,2,<class 'keras.optimizers.Nadam'>,1.3588082901554404,4,10
138,8,0.9097694958377088,0.7008547054396735,0.34779355489605374,0.8522402286756823,49,32,0.7911010558069381,relu,uniform,uniform,16,relu,uniform,uniform,16,32,0.0,200,160,sigmoid,binary_crossentropy,8.02,14000,2,1,<class 'keras.optimizers.Adam'>,1.3588082901554404,2,5
139,18,0.08867389485876784,0.7094017096564301,0.09119875080620708,0.7330791223492363,49,32,0.7911010558069381,relu,uniform,uniform,8,relu,uniform,uniform,16,64,0.30000000000000004,200,20,sigmoid,logcosh,0.1,14000,1,1,<class 'keras.optimizers.Adam'>,1.3588082901554404,4,20
140,6,0.11929278960849485,0.6581196621951894,0.12012789159075661,0.6320305050158069,49,32,0.7911010558069381,relu,uniform,uniform,16,relu,uniform,uniform,16,32,0.2,200,20,sigmoid,logcosh,0.1,14000,4,4,<class 'keras.optimizers.Adam'>,1.3588082901554404,4,10
141,10,0.6956841120353112,0.34188034200770223,0.6936220744885753,0.4709246904084067,49,16,0.7911010558069381,relu,uniform,uniform,8,relu,uniform,uniform,16,64,0.0,200,40,sigmoid,binary_crossentropy,4.06,14000,1,4,<class 'keras.optimizers.Nadam'>,1.3588082901554404,2,10
142,6,0.1203194536969193,0.34188034200770223,0.1202310705761664,0.4804575787315605,49,16,0.7911010558069381,relu,uniform,uniform,8,relu,uniform,uniform,16,32,0.2,200,20,sigmoid,logcosh,4.06,14000,4,2,<class 'keras.optimizers.Nadam'>,1.3588082901554404,2,10
143,7,0.10208661306617606,0.6923076933265752,0.07468826475032064,0.7721639657952424,49,16,0.7911010558069381,relu,uniform,uniform,16,relu,uniform,uniform,32,32,0.0,200,160,sigmoid,logcosh,6.039999999999999,14000,1,2,<class 'keras.optimizers.Adam'>,1.3588082901554404,2,5
144,7,0.6922557781904172,0.6581196621951894,0.8819737744626827,0.5538608198852285,49,32,0.7911010558069381,relu,uniform,uniform,32,relu,uniform,uniform,16,64,0.30000000000000004,200,80,sigmoid,binary_crossentropy,2.08,14000,2,4,<class 'keras.optimizers.Nadam'>,1.3588082901554404,2,5
145,10,0.0891609623009323,0.7435897471558335,0.09563060100585422,0.7359389894001818,49,32,0.7911010558069381,relu,uniform,uniform,16,relu,uniform,uniform,32,64,0.4,200,80,sigmoid,logcosh,6.039999999999999,14000,4,1,<class 'keras.optimizers.Adam'>,1.3588082901554404,2,5
146,12,0.6138676873639098,0.7350427355521765,0.5765037851690451,0.7349857006673022,49,16,0.7911010558069381,relu,uniform,uniform,16,relu,uniform,uniform,32,32,0.1,200,80,sigmoid,binary_crossentropy,6.039999999999999,14000,2,1,<class 'keras.optimizers.Nadam'>,1.3588082901554404,4,20
147,6,1.0420570404101641,0.692307696892665,0.18003508610539032,0.9380362244647837,49,32,0.7911010558069381,relu,uniform,uniform,32,relu,uniform,uniform,16,64,0.2,200,20,sigmoid,binary_crossentropy,4.06,14000,1,1,<class 'keras.optimizers.Adam'>,1.3588082901554404,2,10
148,16,0.5803595475661449,0.7094017129677993,0.5347451457986386,0.7597712104495533,49,32,0.7911010558069381,relu,uniform,uniform,8,relu,uniform,uniform,32,32,0.2,200,160,sigmoid,binary_crossentropy,0.1,14000,4,2,<class 'keras.optimizers.Adam'>,1.3588082901554404,2,10
149,6,0.6928406408709339,0.6581196586290995,0.6934331818008787,0.39180171609038505,49,16,0.7911010558069381,relu,uniform,uniform,8,relu,uniform,uniform,32,32,0.2,200,40,sigmoid,binary_crossentropy,8.02,14000,4,2,<class 'keras.optimizers.Adam'>,1.3588082901554404,4,20
150,6,0.11984561460140424,0.6581196586290995,0.12025961599484072,0.5052430886700678,49,16,0.7911010558069381,relu,uniform,uniform,8,relu,uniform,uniform,32,64,0.30000000000000004,200,80,sigmoid,logcosh,6.039999999999999,14000,4,1,<class 'keras.optimizers.Nadam'>,1.3588082901554404,2,20
151,7,0.1210305961406129,0.34188034200770223,0.12022435574928161,0.5872259294708305,49,16,0.7911010558069381,relu,uniform,uniform,8,relu,uniform,uniform,16,32,0.2,200,160,sigmoid,logcosh,4.06,14000,1,4,<class 'keras.optimizers.Nadam'>,1.3588082901554404,4,5
152,7,0.7296161091225779,0.6837606873267736,0.5312666611175973,0.7778836985334427,49,32,0.7911010558069381,relu,uniform,uniform,32,relu,uniform,uniform,32,64,0.2,200,20,sigmoid,binary_crossentropy,4.06,14000,1,1,<class 'keras.optimizers.Nadam'>,1.3588082901554404,2,20
153,6,0.11986939016825114,0.6581196586290995,0.12013980129057163,0.6320305053567296,49,16,0.7911010558069381,relu,uniform,uniform,8,relu,uniform,uniform,16,32,0.0,200,20,sigmoid,logcosh,2.08,14000,4,2,<class 'keras.optimizers.Adam'>,1.3588082901554404,2,5
154,6,0.12005312613442413,0.6581196586290995,0.1202090497637386,0.3813155386081983,49,16,0.7911010558069381,relu,uniform,uniform,8,relu,uniform,uniform,16,64,0.0,200,80,sigmoid,logcosh,6.039999999999999,14000,2,1,<class 'keras.optimizers.Adam'>,1.3588082901554404,4,20
155,12,0.9289328501774714,0.675213676232558,0.25003055274997926,0.9132507150234553,49,16,0.7911010558069381,relu,uniform,uniform,16,relu,uniform,uniform,32,32,0.2,200,80,sigmoid,binary_crossentropy,8.02,14000,1,1,<class 'keras.optimizers.Adam'>,1.3588082901554404,2,20
156,10,0.5816594367353325,0.726495727005168,0.5214021778652166,0.7702573880169707,49,16,0.7911010558069381,relu,uniform,uniform,32,relu,uniform,uniform,16,64,0.30000000000000004,200,40,sigmoid,binary_crossentropy,0.1,14000,4,4,<class 'keras.optimizers.Nadam'>,1.3588082901554404,2,10
157,10,0.693817539092822,0.6923076928171337,0.47128980422838174,0.8379408961483362,49,16,0.7911010558069381,relu,uniform,uniform,32,relu,uniform,uniform,16,64,0.30000000000000004,200,80,sigmoid,binary_crossentropy,8.02,14000,1,1,<class 'keras.optimizers.Adam'>,1.3588082901554404,4,5
158,6,0.14830116545542693,0.6581196586290995,0.21689045145127522,0.63203050541355,49,16,0.7911010558069381,relu,uniform,uniform,32,relu,uniform,uniform,16,64,0.1,200,40,sigmoid,logcosh,6.039999999999999,14000,2,1,<class 'keras.optimizers.Nadam'>,1.3588082901554404,2,10
159,8,0.09766547948631465,0.7264957300618163,0.07760516760091309,0.7769304092891791,49,32,0.7911010558069381,relu,uniform,uniform,8,relu,uniform,uniform,16,64,0.4,200,40,sigmoid,logcosh,4.06,14000,2,2,<class 'keras.optimizers.Adam'>,1.3588082901554404,2,10
160,11,0.6680804969918015,0.692307692562413,0.3921619051405086,0.8217349863825126,49,32,0.7911010558069381,relu,uniform,uniform,8,relu,uniform,uniform,16,32,0.0,200,160,sigmoid,binary_crossentropy,2.08,14000,1,2,<class 'keras.optimizers.Adam'>,1.3588082901554404,4,20
161,14,0.5510213986421243,0.743589744099185,0.4951134286572299,0.7797902766242268,49,16,0.7911010558069381,relu,uniform,uniform,16,relu,uniform,uniform,32,64,0.1,200,80,sigmoid,binary_crossentropy,0.1,14000,4,1,<class 'keras.optimizers.Adam'>,1.3588082901554404,2,10
162,7,0.6933975077082968,0.3418803431539454,0.6934677994853548,0.5338417535969141,49,32,0.7911010558069381,relu,uniform,uniform,16,relu,uniform,uniform,32,32,0.4,200,20,sigmoid,binary_crossentropy,2.08,14000,4,2,<class 'keras.optimizers.Nadam'>,1.3588082901554404,2,20
163,7,0.09988956853874728,0.7094017104205922,0.07462327779262719,0.774070543431463,49,16,0.7911010558069381,relu,uniform,uniform,16,relu,uniform,uniform,32,32,0.2,200,40,sigmoid,logcosh,4.06,14000,1,2,<class 'keras.optimizers.Nadam'>,1.3588082901554404,4,5
164,9,0.6926804893037193,0.6581196586290995,0.6933680933015022,0.5252621546032544,49,16,0.7911010558069381,relu,uniform,uniform,8,relu,uniform,uniform,16,64,0.1,200,40,sigmoid,binary_crossentropy,2.08,14000,4,2,<class 'keras.optimizers.Nadam'>,1.3588082901554404,4,20
165,14,0.640041869929713,0.7264957300618163,0.4857720586660365,0.7750238329030084,49,32,0.7911010558069381,relu,uniform,uniform,16,relu,uniform,uniform,16,64,0.0,200,20,sigmoid,binary_crossentropy,4.06,14000,2,2,<class 'keras.optimizers.Adam'>,1.3588082901554404,4,20
166,18,0.5390852995407887,0.7264957315901406,0.5021046358023062,0.7759771213517858,49,32,0.7911010558069381,relu,uniform,uniform,16,relu,uniform,uniform,32,64,0.1,200,40,sigmoid,binary_crossentropy,0.1,14000,2,4,<class 'keras.optimizers.Nadam'>,1.3588082901554404,4,10
167,12,0.6040714286331438,0.6923076933265752,0.5487532687539481,0.7407054339168865,49,16,0.7911010558069381,relu,uniform,uniform,16,relu,uniform,uniform,16,32,0.2,200,40,sigmoid,binary_crossentropy,4.06,14000,2,4,<class 'keras.optimizers.Adam'>,1.3588082901554404,2,10
168,6,0.14830116545542693,0.6581196586290995,0.21689045145127522,0.6320305054703704,49,16,0.7911010558069381,relu,uniform,uniform,32,relu,uniform,uniform,16,32,0.1,200,40,sigmoid,logcosh,4.06,14000,4,2,<class 'keras.optimizers.Nadam'>,1.3588082901554404,2,20
169,20,0.08227797272877815,0.760683764759292,0.08657799751361969,0.7368922782467023,49,32,0.7911010558069381,relu,uniform,uniform,32,relu,uniform,uniform,32,64,0.30000000000000004,200,20,sigmoid,logcosh,0.1,14000,4,1,<class 'keras.optimizers.Adam'>,1.3588082901554404,4,20
170,6,0.2854797570114462,0.3418803431539454,0.21689045186322342,0.3679694947000909,49,32,0.7911010558069381,relu,uniform,uniform,16,relu,uniform,uniform,16,32,0.0,200,160,sigmoid,logcosh,8.02,14000,4,2,<class 'keras.optimizers.Adam'>,1.3588082901554404,4,10
171,20,0.5663631971065815,0.7179487184581593,0.3791587957038098,0.8207816969677877,49,16,0.7911010558069381,relu,uniform,uniform,16,relu,uniform,uniform,32,64,0.0,200,80,sigmoid,binary_crossentropy,0.1,14000,2,4,<class 'keras.optimizers.Nadam'>,1.3588082901554404,4,20
172,15,0.08303685053291483,0.726495727005168,0.08383533689552994,0.7654909438695989,49,16,0.7911010558069381,relu,uniform,uniform,8,relu,uniform,uniform,16,64,0.0,200,80,sigmoid,logcosh,0.1,14000,2,2,<class 'keras.optimizers.Nadam'>,1.3588082901554404,4,5
173,15,0.5864396569056388,0.7094017099111508,0.45930805361986843,0.7836034318966679,49,16,0.7911010558069381,relu,uniform,uniform,8,relu,uniform,uniform,16,64,0.0,200,80,sigmoid,binary_crossentropy,2.08,14000,1,4,<class 'keras.optimizers.Adam'>,1.3588082901554404,4,20
174,6,0.2854797519170321,0.34188034200770223,0.2166199181992401,0.3679694949841931,49,16,0.7911010558069381,relu,uniform,uniform,16,relu,uniform,uniform,32,64,0.1,200,40,sigmoid,logcosh,4.06,14000,4,1,<class 'keras.optimizers.Nadam'>,1.3588082901554404,4,5
175,14,0.08678225905467303,0.7435897438444643,0.07437310251695867,0.7931363207027955,49,32,0.7911010558069381,relu,uniform,uniform,32,relu,uniform,uniform,32,64,0.0,200,40,sigmoid,logcosh,0.1,14000,2,4,<class 'keras.optimizers.Nadam'>,1.3588082901554404,4,10
176,6,0.11953809309718955,0.6581196586290995,0.12029633417484076,0.44137273595319465,49,16,0.7911010558069381,relu,uniform,uniform,16,relu,uniform,uniform,16,64,0.2,200,160,sigmoid,logcosh,6.039999999999999,14000,2,4,<class 'keras.optimizers.Nadam'>,1.3588082901554404,2,5
177,6,0.12007560377192293,0.6581196586290995,0.1201694051533568,0.4709246901882274,49,16,0.7911010558069381,relu,uniform,uniform,8,relu,uniform,uniform,16,64,0.4,200,40,sigmoid,logcosh,6.039999999999999,14000,2,4,<class 'keras.optimizers.Adam'>,1.3588082901554404,4,20
178,6,0.120092938025283,0.6581196621951894,0.12012045865290727,0.5605338424358968,49,32,0.7911010558069381,relu,uniform,uniform,8,relu,uniform,uniform,32,32,0.2,200,40,sigmoid,logcosh,0.1,14000,4,2,<class 'keras.optimizers.Nadam'>,1.3588082901554404,4,5
179,6,0.6956909849093511,0.34188034200770223,0.6934916537301216,0.5023832221447114,49,16,0.7911010558069381,relu,uniform,uniform,8,relu,uniform,uniform,16,32,0.4,200,20,sigmoid,binary_crossentropy,4.06,14000,4,1,<class 'keras.optimizers.Nadam'>,1.3588082901554404,2,20
180,6,0.6917511652677487,0.6581196621951894,0.6934691891429309,0.5452812205506462,49,32,0.7911010558069381,relu,uniform,uniform,8,relu,uniform,uniform,16,32,0.30000000000000004,200,40,sigmoid,binary_crossentropy,4.06,14000,4,2,<class 'keras.optimizers.Adam'>,1.3588082901554404,2,5
181,6,0.6923171098415668,0.6581196586290995,0.6932589863458057,0.6320305052714988,49,16,0.7911010558069381,relu,uniform,uniform,16,relu,uniform,uniform,16,32,0.30000000000000004,200,20,sigmoid,binary_crossentropy,6.039999999999999,14000,4,4,<class 'keras.optimizers.Adam'>,1.3588082901554404,4,5
182,6,0.14830116545542693,0.6581196586290995,0.2160938015656885,0.6329837943168909,49,16,0.7911010558069381,relu,uniform,uniform,32,relu,uniform,uniform,32,32,0.30000000000000004,200,80,sigmoid,logcosh,6.039999999999999,14000,4,1,<class 'keras.optimizers.Nadam'>,1.3588082901554404,2,20
183,18,0.08588960346503136,0.7606837611932021,0.08491675687813555,0.7750238323348039,49,16,0.7911010558069381,relu,uniform,uniform,8,relu,uniform,uniform,32,64,0.1,200,20,sigmoid,logcosh,0.1,14000,4,2,<class 'keras.optimizers.Nadam'>,1.3588082901554404,4,5
184,6,0.12000686592525905,0.6581196586290995,0.12017660882782095,0.48331744520009645,49,16,0.7911010558069381,relu,uniform,uniform,8,relu,uniform,uniform,32,32,0.30000000000000004,200,80,sigmoid,logcosh,2.08,14000,1,4,<class 'keras.optimizers.Nadam'>,1.3588082901554404,2,20
185,16,0.5482371189655402,0.7008547054396735,0.5396166138130785,0.7569113443077349,49,32,0.7911010558069381,relu,uniform,uniform,16,relu,uniform,uniform,32,32,0.1,200,40,sigmoid,binary_crossentropy,0.1,14000,2,4,<class 'keras.optimizers.Nadam'>,1.3588082901554404,4,10
186,15,0.5575491943929949,0.726495727005168,0.5239994294082017,0.7645376549378478,49,16,0.7911010558069381,relu,uniform,uniform,32,relu,uniform,uniform,16,64,0.2,200,80,sigmoid,binary_crossentropy,0.1,14000,1,2,<class 'keras.optimizers.Adam'>,1.3588082901554404,4,10
187,11,0.6943659293345916,0.3418803431539454,0.6931994099407905,0.36796949478532154,49,32,0.7911010558069381,relu,uniform,uniform,8,relu,uniform,uniform,16,32,0.4,200,80,sigmoid,binary_crossentropy,2.08,14000,2,4,<class 'keras.optimizers.Adam'>,1.3588082901554404,2,5
188,8,0.1483011692762375,0.6581196621951894,0.14482903426550364,0.7235462345658766,49,32,0.7911010558069381,relu,uniform,uniform,8,relu,uniform,uniform,32,32,0.1,200,160,sigmoid,logcosh,8.02,14000,1,1,<class 'keras.optimizers.Nadam'>,1.3588082901554404,2,5
189,6,0.14830116545542693,0.6581196586290995,0.21689045145127522,0.6320305052999091,49,16,0.7911010558069381,relu,uniform,uniform,32,relu,uniform,uniform,16,32,0.30000000000000004,200,40,sigmoid,logcosh,8.02,14000,2,1,<class 'keras.optimizers.Nadam'>,1.3588082901554404,2,5
190,29,0.5271935717672365,0.752136753155635,0.5114156015721586,0.755004766614694,49,16,0.7911010558069381,relu,uniform,uniform,16,relu,uniform,uniform,32,32,0.1,200,20,sigmoid,binary_crossentropy,0.1,14000,4,1,<class 'keras.optimizers.Adam'>,1.3588082901554404,4,20
191,9,0.6930702501892024,0.6581196586290995,0.6941019810302923,0.4842707341176425,49,16,0.7911010558069381,relu,uniform,uniform,16,relu,uniform,uniform,32,64,0.30000000000000004,200,40,sigmoid,binary_crossentropy,8.02,14000,4,4,<class 'keras.optimizers.Nadam'>,1.3588082901554404,4,5
192,6,0.1199046231360517,0.6581196586290995,0.12014024221010726,0.5938989516095506,49,16,0.7911010558069381,relu,uniform,uniform,8,relu,uniform,uniform,32,64,0.30000000000000004,200,20,sigmoid,logcosh,4.06,14000,1,4,<class 'keras.optimizers.Adam'>,1.3588082901554404,4,10
193,7,0.6881327817582676,0.6495726536481808,0.6946273397217487,0.41754051471915665,49,32,0.7911010558069381,relu,uniform,uniform,16,relu,uniform,uniform,16,32,0.4,200,80,sigmoid,binary_crossentropy,8.02,14000,2,1,<class 'keras.optimizers.Nadam'>,1.3588082901554404,4,10
194,11,0.10567453834745619,0.6837606847795665,0.07324380051163518,0.8007626311908573,49,16,0.7911010558069381,relu,uniform,uniform,32,relu,uniform,uniform,16,32,0.4,200,20,sigmoid,logcosh,2.08,14000,1,4,<class 'keras.optimizers.Adam'>,1.3588082901554404,2,5
195,7,0.5553662343921825,0.6923076933265752,0.524029813287824,0.7588179218303146,49,16,0.7911010558069381,relu,uniform,uniform,8,relu,uniform,uniform,16,64,0.1,200,20,sigmoid,binary_crossentropy,2.08,14000,2,1,<class 'keras.optimizers.Nadam'>,1.3588082901554404,4,20
196,23,0.08629964826962887,0.7179487182034386,0.07434121278550536,0.8102955199401645,49,32,0.7911010558069381,relu,uniform,uniform,32,relu,uniform,uniform,32,64,0.1,200,160,sigmoid,logcosh,0.1,14000,1,4,<class 'keras.optimizers.Adam'>,1.3588082901554404,4,5
197,11,0.0900969924325617,0.7350427360616179,0.07247684586320864,0.8083889419062008,49,16,0.7911010558069381,relu,uniform,uniform,8,relu,uniform,uniform,16,64,0.1,200,160,sigmoid,logcosh,0.1,14000,1,1,<class 'keras.optimizers.Nadam'>,1.3588082901554404,2,10
198,6,5.510459961035313,0.6581196586290995,8.059047856253596,0.6320305054703704,49,16,0.7911010558069381,relu,uniform,uniform,16,relu,uniform,uniform,16,64,0.1,200,160,sigmoid,binary_crossentropy,8.02,14000,4,2,<class 'keras.optimizers.Nadam'>,1.3588082901554404,2,10
199,12,0.8363733648234962,0.7008547011094216,0.3214171906956272,0.8655862725269692,49,32,0.7911010558069381,relu,uniform,uniform,8,relu,uniform,uniform,32,32,0.1,200,20,sigmoid,binary_crossentropy,2.08,14000,2,2,<class 'keras.optimizers.Adam'>,1.3588082901554404,2,5
