,round_epochs,val_loss,val_acc,loss,acc,alphabet_size,batch_size,control_class_weight,conv_activation,conv_bias_initializer,conv_kernel_initializer,conv_output_space,dense_activation,dense_bias_initializer,dense_kernel_initializer,dense_units_layer_2,dense_units_layer_3,dropout,epochs,large_filter_length,last_activation,loss,lr,max_sentence_length,number_of_large_filters,number_of_small_filters,optimizer,pd_class_weight,pool_length,small_filter_length
0,8,0.12033288862205978,0.35042735271983677,0.12016661965187898,0.46806482347110206,49,32,0.7899096385542169,relu,uniform,uniform,16,relu,uniform,uniform,16,64,0.2,200,20,sigmoid,logcosh,6.039999999999999,14000,2,2,<class 'keras.optimizers.Adam'>,1.3623376623376624,2,10
1,6,0.12008304091600272,0.649572652629298,0.1201232266892014,0.39561487136282614,49,32,0.7899096385542169,relu,uniform,uniform,8,relu,uniform,uniform,16,64,0.4,200,20,sigmoid,logcosh,6.039999999999999,14000,4,1,<class 'keras.optimizers.Adam'>,1.3623376623376624,4,10
2,11,0.6972928454733303,0.3504273504273504,0.693543276352696,0.5653002860150642,49,16,0.7899096385542169,relu,uniform,uniform,8,relu,uniform,uniform,16,64,0.30000000000000004,200,160,sigmoid,binary_crossentropy,6.039999999999999,14000,1,4,<class 'keras.optimizers.Nadam'>,1.3623376623376624,4,20
3,10,0.14146821124431413,0.5811965862909952,0.044244377498290334,0.8770257386852152,49,32,0.7899096385542169,relu,uniform,uniform,16,relu,uniform,uniform,16,64,0.0,200,20,sigmoid,logcosh,4.06,14000,1,2,<class 'keras.optimizers.Adam'>,1.3623376623376624,2,20
4,19,0.5457963790649023,0.743589744099185,0.5424212842355807,0.750238322325271,49,16,0.7899096385542169,relu,uniform,uniform,16,relu,uniform,uniform,32,32,0.4,200,40,sigmoid,binary_crossentropy,0.1,14000,1,4,<class 'keras.optimizers.Nadam'>,1.3623376623376624,4,5
5,6,0.593686044216156,0.6923076963832235,0.5231093569410995,0.7788369878913473,49,32,0.7899096385542169,relu,uniform,uniform,8,relu,uniform,uniform,16,32,0.4,200,40,sigmoid,binary_crossentropy,4.06,14000,1,1,<class 'keras.optimizers.Adam'>,1.3623376623376624,4,5
6,8,0.7882606096756763,0.7435897461369506,0.2589758714968188,0.8846520497414814,49,32,0.7899096385542169,relu,uniform,uniform,8,relu,uniform,uniform,32,64,0.0,200,20,sigmoid,binary_crossentropy,8.02,14000,2,1,<class 'keras.optimizers.Adam'>,1.3623376623376624,2,5
7,6,0.12041277979683672,0.35042735271983677,0.120147530795621,0.5643469972821845,49,32,0.7899096385542169,relu,uniform,uniform,16,relu,uniform,uniform,32,64,0.30000000000000004,200,40,sigmoid,logcosh,6.039999999999999,14000,2,4,<class 'keras.optimizers.Nadam'>,1.3623376623376624,4,20
8,8,0.08219195246441752,0.7521367546839591,0.08858062996323957,0.7349857005536613,49,32,0.7899096385542169,relu,uniform,uniform,8,relu,uniform,uniform,16,64,0.0,200,40,sigmoid,logcosh,2.08,14000,1,4,<class 'keras.optimizers.Adam'>,1.3623376623376624,4,10
9,9,0.5474191690102602,0.7692307717779763,0.5541207858559287,0.7435653000587049,49,32,0.7899096385542169,relu,uniform,uniform,32,relu,uniform,uniform,32,32,0.4,200,20,sigmoid,binary_crossentropy,2.08,14000,4,1,<class 'keras.optimizers.Adam'>,1.3623376623376624,2,10
10,9,0.11085500408951034,0.6239316285165966,0.04696873107745718,0.8646329835668078,49,32,0.7899096385542169,relu,uniform,uniform,8,relu,uniform,uniform,32,32,0.0,200,80,sigmoid,logcosh,4.06,14000,1,1,<class 'keras.optimizers.Adam'>,1.3623376623376624,2,10
11,14,0.6506653626759847,0.7179487215148078,0.6185973006503939,0.7473784550470438,49,32,0.7899096385542169,relu,uniform,uniform,32,relu,uniform,uniform,16,64,0.2,200,160,sigmoid,binary_crossentropy,8.02,14000,2,2,<class 'keras.optimizers.Adam'>,1.3623376623376624,2,10
12,6,0.9402002941848885,0.6752136792892065,0.3256381253212037,0.8684461394642738,49,32,0.7899096385542169,relu,uniform,uniform,16,relu,uniform,uniform,32,64,0.0,200,80,sigmoid,binary_crossentropy,4.06,14000,1,1,<class 'keras.optimizers.Nadam'>,1.3623376623376624,2,20
13,6,5.648221293066302,0.649572652629298,8.059048400366159,0.6329837942600705,49,32,0.7899096385542169,relu,uniform,uniform,32,relu,uniform,uniform,16,32,0.0,200,40,sigmoid,binary_crossentropy,4.06,14000,2,4,<class 'keras.optimizers.Nadam'>,1.3623376623376624,4,20
14,6,0.15200869649903387,0.6495726495726496,0.21585369496486434,0.633937083106591,49,16,0.7899096385542169,relu,uniform,uniform,32,relu,uniform,uniform,16,32,0.30000000000000004,200,40,sigmoid,logcosh,4.06,14000,4,4,<class 'keras.optimizers.Nadam'>,1.3623376623376624,2,20
15,7,0.718026485453304,0.7094017104205922,0.47671565171988156,0.7883698761860909,49,16,0.7899096385542169,relu,uniform,uniform,32,relu,uniform,uniform,16,32,0.30000000000000004,200,40,sigmoid,binary_crossentropy,2.08,14000,1,2,<class 'keras.optimizers.Adam'>,1.3623376623376624,2,5
16,7,1.1256911550831592,0.6495726546670637,0.24955093599252182,0.8827454716506973,49,32,0.7899096385542169,relu,uniform,uniform,16,relu,uniform,uniform,32,64,0.0,200,80,sigmoid,binary_crossentropy,4.06,14000,1,1,<class 'keras.optimizers.Adam'>,1.3623376623376624,4,20
17,7,0.6918442208542783,0.6495726495726496,0.6932698838249403,0.48999046713994504,49,16,0.7899096385542169,relu,uniform,uniform,32,relu,uniform,uniform,16,64,0.30000000000000004,200,20,sigmoid,binary_crossentropy,6.039999999999999,14000,2,4,<class 'keras.optimizers.Adam'>,1.3623376623376624,4,5
18,7,0.6908469133906894,0.6495726495726496,0.6937035736978565,0.4080076264244131,49,16,0.7899096385542169,relu,uniform,uniform,8,relu,uniform,uniform,16,64,0.30000000000000004,200,160,sigmoid,binary_crossentropy,6.039999999999999,14000,2,1,<class 'keras.optimizers.Nadam'>,1.3623376623376624,4,5
19,15,0.07843126057304887,0.7692307722874177,0.0885187409697429,0.7540514773704303,49,32,0.7899096385542169,relu,uniform,uniform,32,relu,uniform,uniform,16,32,0.1,200,80,sigmoid,logcosh,0.1,14000,4,1,<class 'keras.optimizers.Adam'>,1.3623376623376624,4,5
20,7,0.08090591787273048,0.7692307692307693,0.09783370683841527,0.7397521450135456,49,16,0.7899096385542169,relu,uniform,uniform,8,relu,uniform,uniform,16,32,0.4,200,160,sigmoid,logcosh,6.039999999999999,14000,2,1,<class 'keras.optimizers.Adam'>,1.3623376623376624,4,5
21,8,0.08495089755608486,0.769230770249652,0.0833117785811197,0.754051477711353,49,16,0.7899096385542169,relu,uniform,uniform,16,relu,uniform,uniform,16,64,0.4,200,160,sigmoid,logcosh,4.06,14000,1,2,<class 'keras.optimizers.Adam'>,1.3623376623376624,4,10
22,6,0.15200869649903387,0.6495726495726496,0.21689046497454065,0.6329837941038142,49,16,0.7899096385542169,relu,uniform,uniform,32,relu,uniform,uniform,32,64,0.1,200,20,sigmoid,logcosh,6.039999999999999,14000,4,4,<class 'keras.optimizers.Nadam'>,1.3623376623376624,2,10
23,9,0.5957040598249843,0.7350427386088249,0.5116626175388594,0.7225929462307402,49,32,0.7899096385542169,relu,uniform,uniform,16,relu,uniform,uniform,32,32,0.1,200,20,sigmoid,binary_crossentropy,8.02,14000,2,1,<class 'keras.optimizers.Adam'>,1.3623376623376624,2,10
24,14,0.7220918143916334,0.7692307717779763,0.44141047411696815,0.8274547185525085,49,32,0.7899096385542169,relu,uniform,uniform,8,relu,uniform,uniform,16,64,0.0,200,80,sigmoid,binary_crossentropy,8.02,14000,2,2,<class 'keras.optimizers.Adam'>,1.3623376623376624,4,20
25,6,0.1203526616988019,0.35042735271983677,0.12013071079385974,0.5081029551386038,49,32,0.7899096385542169,relu,uniform,uniform,8,relu,uniform,uniform,16,32,0.2,200,40,sigmoid,logcosh,2.08,14000,2,4,<class 'keras.optimizers.Adam'>,1.3623376623376624,2,20
26,10,0.5287044068686982,0.7606837632309678,0.5038541745184943,0.7683508109773649,49,32,0.7899096385542169,relu,uniform,uniform,32,relu,uniform,uniform,32,64,0.1,200,160,sigmoid,binary_crossentropy,0.1,14000,1,2,<class 'keras.optimizers.Nadam'>,1.3623376623376624,4,20
27,14,0.8674457786429641,0.7008547018735837,0.4217391035832941,0.8484270734600616,49,16,0.7899096385542169,relu,uniform,uniform,32,relu,uniform,uniform,32,64,0.4,200,80,sigmoid,binary_crossentropy,4.06,14000,1,2,<class 'keras.optimizers.Adam'>,1.3623376623376624,2,20
28,6,0.6937146354944278,0.3504273504273504,0.6931781098885804,0.36796949477111646,49,16,0.7899096385542169,relu,uniform,uniform,8,relu,uniform,uniform,16,64,0.4,200,20,sigmoid,binary_crossentropy,0.1,14000,2,4,<class 'keras.optimizers.Adam'>,1.3623376623376624,2,5
29,16,0.5190171387969938,0.7863247868342277,0.5114082142327148,0.7559580553191633,49,16,0.7899096385542169,relu,uniform,uniform,8,relu,uniform,uniform,16,64,0.1,200,160,sigmoid,binary_crossentropy,0.1,14000,1,4,<class 'keras.optimizers.Nadam'>,1.3623376623376624,4,10
30,10,0.621585026765481,0.7179487189676008,0.5240432809260598,0.8055290753666393,49,16,0.7899096385542169,relu,uniform,uniform,16,relu,uniform,uniform,32,32,0.4,200,160,sigmoid,binary_crossentropy,6.039999999999999,14000,1,1,<class 'keras.optimizers.Adam'>,1.3623376623376624,2,10
31,8,0.10271355305981432,0.6666666702327565,0.07893331236675652,0.7712106775169264,49,32,0.7899096385542169,relu,uniform,uniform,32,relu,uniform,uniform,32,32,0.1,200,160,sigmoid,logcosh,0.1,14000,4,2,<class 'keras.optimizers.Nadam'>,1.3623376623376624,2,10
32,9,0.12048978632331914,0.3504273504273504,0.12028670359271498,0.37273593900371893,49,16,0.7899096385542169,relu,uniform,uniform,8,relu,uniform,uniform,32,64,0.0,200,20,sigmoid,logcosh,8.02,14000,1,4,<class 'keras.optimizers.Adam'>,1.3623376623376624,2,10
33,9,0.6311139342112418,0.6581196586290995,0.35763024753962847,0.8303145853193518,49,16,0.7899096385542169,relu,uniform,uniform,32,relu,uniform,uniform,32,64,0.0,200,40,sigmoid,binary_crossentropy,4.06,14000,1,2,<class 'keras.optimizers.Adam'>,1.3623376623376624,4,10
34,25,0.532863071331611,0.7435897476652749,0.5435573576573989,0.7464251665982664,49,32,0.7899096385542169,relu,uniform,uniform,8,relu,uniform,uniform,16,32,0.1,200,20,sigmoid,binary_crossentropy,0.1,14000,1,2,<class 'keras.optimizers.Nadam'>,1.3623376623376624,4,10
35,14,0.07881273832331356,0.7777777782872192,0.08170447257783324,0.7712106768919015,49,16,0.7899096385542169,relu,uniform,uniform,16,relu,uniform,uniform,16,64,0.2,200,160,sigmoid,logcosh,0.1,14000,2,4,<class 'keras.optimizers.Nadam'>,1.3623376623376624,4,10
36,7,0.08742592318190469,0.7606837637404091,0.09266802470410176,0.7502383219843484,49,32,0.7899096385542169,relu,uniform,uniform,16,relu,uniform,uniform,32,32,0.1,200,80,sigmoid,logcosh,4.06,14000,4,1,<class 'keras.optimizers.Adam'>,1.3623376623376624,4,5
37,9,0.11968136183981203,0.649572652629298,0.1202174124118825,0.5081029549397322,49,32,0.7899096385542169,relu,uniform,uniform,32,relu,uniform,uniform,16,32,0.4,200,20,sigmoid,logcosh,6.039999999999999,14000,1,4,<class 'keras.optimizers.Nadam'>,1.3623376623376624,4,10
38,6,0.6959314697828048,0.3504273504273504,0.693941083149869,0.4547187798186867,49,16,0.7899096385542169,relu,uniform,uniform,32,relu,uniform,uniform,32,32,0.1,200,160,sigmoid,binary_crossentropy,4.06,14000,2,2,<class 'keras.optimizers.Adam'>,1.3623376623376624,2,20
39,22,0.08217871080861132,0.7606837611932021,0.08676312261530056,0.7588179220007759,49,16,0.7899096385542169,relu,uniform,uniform,32,relu,uniform,uniform,16,64,0.4,200,20,sigmoid,logcosh,0.1,14000,2,2,<class 'keras.optimizers.Adam'>,1.3623376623376624,4,5
40,18,0.08474064732973392,0.7350427355521765,0.06642452971184105,0.8131553862524442,49,16,0.7899096385542169,relu,uniform,uniform,32,relu,uniform,uniform,32,64,0.30000000000000004,200,40,sigmoid,logcosh,0.1,14000,1,1,<class 'keras.optimizers.Adam'>,1.3623376623376624,4,20
41,6,0.28177221208556086,0.3504273504273504,0.21689045235329973,0.36701620608085217,49,16,0.7899096385542169,relu,uniform,uniform,16,relu,uniform,uniform,32,64,0.1,200,160,sigmoid,logcosh,8.02,14000,4,1,<class 'keras.optimizers.Nadam'>,1.3623376623376624,4,20
42,13,0.9140199799822946,0.6495726505915324,0.33219381078751004,0.8646329839077305,49,16,0.7899096385542169,relu,uniform,uniform,16,relu,uniform,uniform,16,32,0.0,200,40,sigmoid,binary_crossentropy,2.08,14000,2,1,<class 'keras.optimizers.Nadam'>,1.3623376623376624,4,10
43,8,0.6918967167536417,0.6495726495726496,0.6933631635598618,0.4213536702757,49,16,0.7899096385542169,relu,uniform,uniform,16,relu,uniform,uniform,16,32,0.30000000000000004,200,40,sigmoid,binary_crossentropy,6.039999999999999,14000,4,1,<class 'keras.optimizers.Adam'>,1.3623376623376624,2,10
44,6,0.11988986111604251,0.649572652629298,0.12011241526462783,0.6329837947714545,49,32,0.7899096385542169,relu,uniform,uniform,16,relu,uniform,uniform,16,32,0.1,200,20,sigmoid,logcosh,0.1,14000,2,4,<class 'keras.optimizers.Nadam'>,1.3623376623376624,2,5
45,17,0.09072703174036792,0.717948720495925,0.06232162056449939,0.824594851615204,49,32,0.7899096385542169,relu,uniform,uniform,32,relu,uniform,uniform,16,64,0.2,200,40,sigmoid,logcosh,4.06,14000,1,4,<class 'keras.optimizers.Adam'>,1.3623376623376624,4,10
46,6,0.12029453468883139,0.35042735271983677,0.12016473966939206,0.3879885608747644,49,32,0.7899096385542169,relu,uniform,uniform,8,relu,uniform,uniform,16,64,0.1,200,40,sigmoid,logcosh,4.06,14000,4,1,<class 'keras.optimizers.Nadam'>,1.3623376623376624,2,20
47,6,0.693106922838423,0.649572652629298,0.6936023788183956,0.5938989514390892,49,32,0.7899096385542169,relu,uniform,uniform,16,relu,uniform,uniform,32,64,0.30000000000000004,200,40,sigmoid,binary_crossentropy,6.039999999999999,14000,4,1,<class 'keras.optimizers.Nadam'>,1.3623376623376624,2,20
48,8,0.7026410683607444,0.6752136787797651,0.463987618343846,0.8083889412243555,49,32,0.7899096385542169,relu,uniform,uniform,16,relu,uniform,uniform,32,64,0.30000000000000004,200,20,sigmoid,binary_crossentropy,8.02,14000,1,1,<class 'keras.optimizers.Nadam'>,1.3623376623376624,4,20
49,25,0.5258364911772248,0.7350427380993835,0.5451653507689957,0.7483317450867936,49,32,0.7899096385542169,relu,uniform,uniform,16,relu,uniform,uniform,16,32,0.1,200,20,sigmoid,binary_crossentropy,0.1,14000,2,1,<class 'keras.optimizers.Adam'>,1.3623376623376624,4,10
50,6,0.13171182566473627,0.6410256445917308,0.030217199352835337,0.9256434699714013,49,32,0.7899096385542169,relu,uniform,uniform,16,relu,uniform,uniform,32,64,0.2,200,20,sigmoid,logcosh,2.08,14000,1,1,<class 'keras.optimizers.Nadam'>,1.3623376623376624,2,20
51,6,0.15200869649903387,0.6495726495726496,0.21689046531546333,0.6329837942600705,49,16,0.7899096385542169,relu,uniform,uniform,32,relu,uniform,uniform,32,64,0.0,200,160,sigmoid,logcosh,2.08,14000,4,4,<class 'keras.optimizers.Nadam'>,1.3623376623376624,2,20
52,10,0.7708349156583476,0.7264957300618163,0.32804008306947857,0.8665395613734898,49,32,0.7899096385542169,relu,uniform,uniform,16,relu,uniform,uniform,16,32,0.4,200,80,sigmoid,binary_crossentropy,2.08,14000,1,1,<class 'keras.optimizers.Adam'>,1.3623376623376624,2,5
53,7,0.08419933221024326,0.7521367546839591,0.09130068782457747,0.7140133462143126,49,32,0.7899096385542169,relu,uniform,uniform,32,relu,uniform,uniform,16,32,0.4,200,20,sigmoid,logcosh,2.08,14000,4,1,<class 'keras.optimizers.Adam'>,1.3623376623376624,4,20
54,6,0.6918664391224201,0.649572652629298,0.6933649839732168,0.4823641569075753,49,32,0.7899096385542169,relu,uniform,uniform,8,relu,uniform,uniform,32,64,0.2,200,40,sigmoid,binary_crossentropy,8.02,14000,2,4,<class 'keras.optimizers.Adam'>,1.3623376623376624,4,20
55,7,0.6818132991464729,0.649572652629298,0.6695604086831368,0.7006673023630257,49,32,0.7899096385542169,relu,uniform,uniform,16,relu,uniform,uniform,32,64,0.0,200,160,sigmoid,binary_crossentropy,2.08,14000,2,2,<class 'keras.optimizers.Nadam'>,1.3623376623376624,2,10
56,6,0.1188295973926528,0.6495726495726496,0.12015402545749403,0.63298379420325,49,16,0.7899096385542169,relu,uniform,uniform,8,relu,uniform,uniform,16,32,0.1,200,80,sigmoid,logcosh,0.1,14000,4,4,<class 'keras.optimizers.Nadam'>,1.3623376623376624,4,5
57,7,0.10103537116804694,0.7179487184581593,0.03739263063333964,0.8951382269111557,49,16,0.7899096385542169,relu,uniform,uniform,32,relu,uniform,uniform,16,64,0.2,200,20,sigmoid,logcosh,2.08,14000,1,1,<class 'keras.optimizers.Adam'>,1.3623376623376624,4,10
58,8,0.6405808278638073,0.7094017094017094,0.5522870634202166,0.7664442326024785,49,16,0.7899096385542169,relu,uniform,uniform,8,relu,uniform,uniform,32,32,0.4,200,80,sigmoid,binary_crossentropy,4.06,14000,1,1,<class 'keras.optimizers.Nadam'>,1.3623376623376624,2,10
59,8,0.10806204391340925,0.6410256456106137,0.06138677196177673,0.8112488085594032,49,32,0.7899096385542169,relu,uniform,uniform,32,relu,uniform,uniform,32,32,0.0,200,160,sigmoid,logcosh,2.08,14000,1,2,<class 'keras.optimizers.Adam'>,1.3623376623376624,2,10
60,6,0.1201774579210159,0.35042735271983677,0.12019964737251217,0.43946615858687116,49,32,0.7899096385542169,relu,uniform,uniform,8,relu,uniform,uniform,32,64,0.1,200,40,sigmoid,logcosh,6.039999999999999,14000,4,4,<class 'keras.optimizers.Nadam'>,1.3623376623376624,2,20
61,6,0.1198280588683919,0.649572652629298,0.12028494705264062,0.5405147760339415,49,32,0.7899096385542169,relu,uniform,uniform,8,relu,uniform,uniform,32,64,0.4,200,160,sigmoid,logcosh,2.08,14000,4,4,<class 'keras.optimizers.Adam'>,1.3623376623376624,2,5
62,6,0.08620749350286956,0.7521367551934006,0.08457406387230235,0.7578646323587692,49,32,0.7899096385542169,relu,uniform,uniform,32,relu,uniform,uniform,16,64,0.0,200,20,sigmoid,logcosh,4.06,14000,1,4,<class 'keras.optimizers.Adam'>,1.3623376623376624,2,20
63,11,0.08394327527310094,0.7777777777777778,0.09175307631094871,0.7292659678154609,49,16,0.7899096385542169,relu,uniform,uniform,8,relu,uniform,uniform,32,32,0.30000000000000004,200,40,sigmoid,logcosh,0.1,14000,4,2,<class 'keras.optimizers.Nadam'>,1.3623376623376624,4,10
64,7,0.6935769747465085,0.3504273504273504,0.6934780813149888,0.46901811249518643,49,16,0.7899096385542169,relu,uniform,uniform,16,relu,uniform,uniform,32,64,0.30000000000000004,200,160,sigmoid,binary_crossentropy,4.06,14000,4,2,<class 'keras.optimizers.Nadam'>,1.3623376623376624,4,10
65,8,0.08303682155843474,0.7777777782872192,0.09341419402250685,0.7111534795611102,49,16,0.7899096385542169,relu,uniform,uniform,16,relu,uniform,uniform,32,64,0.4,200,80,sigmoid,logcosh,0.1,14000,4,2,<class 'keras.optimizers.Adam'>,1.3623376623376624,2,20
66,14,0.09602884656916826,0.7948717953812363,0.12407105619192578,0.6291706389308089,49,16,0.7899096385542169,relu,uniform,uniform,32,relu,uniform,uniform,16,32,0.30000000000000004,200,160,sigmoid,logcosh,4.06,14000,2,1,<class 'keras.optimizers.Adam'>,1.3623376623376624,4,5
67,9,0.6933444519328256,0.3504273504273504,0.6931333606645422,0.5557673977487307,49,16,0.7899096385542169,relu,uniform,uniform,8,relu,uniform,uniform,32,64,0.2,200,80,sigmoid,binary_crossentropy,2.08,14000,4,4,<class 'keras.optimizers.Adam'>,1.3623376623376624,2,20
68,13,0.57080239821703,0.7521367546839591,0.562980301784719,0.7721639659657037,49,32,0.7899096385542169,relu,uniform,uniform,16,relu,uniform,uniform,16,64,0.1,200,80,sigmoid,binary_crossentropy,4.06,14000,4,1,<class 'keras.optimizers.Adam'>,1.3623376623376624,4,20
69,10,0.6937853525846432,0.3504273504273504,0.6932036994864988,0.3670162059956215,49,16,0.7899096385542169,relu,uniform,uniform,8,relu,uniform,uniform,16,64,0.0,200,20,sigmoid,binary_crossentropy,2.08,14000,4,2,<class 'keras.optimizers.Adam'>,1.3623376623376624,2,20
70,8,0.6944981803241957,0.35042735271983677,0.6933363093093421,0.5138226884165983,49,32,0.7899096385542169,relu,uniform,uniform,8,relu,uniform,uniform,32,64,0.30000000000000004,200,40,sigmoid,binary_crossentropy,4.06,14000,4,2,<class 'keras.optimizers.Nadam'>,1.3623376623376624,2,20
71,6,0.281772212849723,0.35042735271983677,0.2168904538377338,0.3670162058535704,49,32,0.7899096385542169,relu,uniform,uniform,32,relu,uniform,uniform,32,32,0.2,200,20,sigmoid,logcosh,8.02,14000,2,2,<class 'keras.optimizers.Nadam'>,1.3623376623376624,2,5
72,11,0.08472242562944053,0.7350427355521765,0.08363602005719457,0.7540514776119173,49,16,0.7899096385542169,relu,uniform,uniform,32,relu,uniform,uniform,16,32,0.1,200,80,sigmoid,logcosh,0.1,14000,2,2,<class 'keras.optimizers.Adam'>,1.3623376623376624,2,10
73,15,0.5451484796328422,0.7863247888719934,0.59028817950486,0.6959008577326801,49,32,0.7899096385542169,relu,uniform,uniform,8,relu,uniform,uniform,32,32,0.2,200,20,sigmoid,binary_crossentropy,0.1,14000,2,1,<class 'keras.optimizers.Adam'>,1.3623376623376624,4,10
74,6,0.15200869649903387,0.6495726495726496,0.21689046565638598,0.6329837943168909,49,16,0.7899096385542169,relu,uniform,uniform,32,relu,uniform,uniform,32,64,0.30000000000000004,200,160,sigmoid,logcosh,8.02,14000,4,1,<class 'keras.optimizers.Nadam'>,1.3623376623376624,4,20
75,6,0.15200870114768672,0.649572652629298,0.21689046321310693,0.6329837936350456,49,32,0.7899096385542169,relu,uniform,uniform,16,relu,uniform,uniform,32,64,0.0,200,40,sigmoid,logcosh,8.02,14000,4,2,<class 'keras.optimizers.Nadam'>,1.3623376623376624,2,10
76,6,0.12003424699999328,0.6495726495726496,0.12019434071246275,0.3851286941647416,49,16,0.7899096385542169,relu,uniform,uniform,16,relu,uniform,uniform,32,64,0.30000000000000004,200,80,sigmoid,logcosh,8.02,14000,2,2,<class 'keras.optimizers.Adam'>,1.3623376623376624,2,5
77,6,0.12011161459307386,0.649572652629298,0.1201909120248771,0.3755958050745118,49,32,0.7899096385542169,relu,uniform,uniform,8,relu,uniform,uniform,16,64,0.2,200,20,sigmoid,logcosh,4.06,14000,2,4,<class 'keras.optimizers.Nadam'>,1.3623376623376624,4,20
78,6,0.1200587555893466,0.6495726495726496,0.12014554235001083,0.6158245950227016,49,16,0.7899096385542169,relu,uniform,uniform,8,relu,uniform,uniform,16,64,0.4,200,160,sigmoid,logcosh,8.02,14000,2,4,<class 'keras.optimizers.Adam'>,1.3623376623376624,2,10
79,14,0.8149656113396343,0.7435897461369506,0.43463334262200604,0.8169685421499101,49,32,0.7899096385542169,relu,uniform,uniform,16,relu,uniform,uniform,32,32,0.1,200,20,sigmoid,binary_crossentropy,8.02,14000,4,2,<class 'keras.optimizers.Adam'>,1.3623376623376624,2,5
80,12,0.5501496037866316,0.7777777798155434,0.5766397220277013,0.7140133458165695,49,32,0.7899096385542169,relu,uniform,uniform,8,relu,uniform,uniform,16,32,0.4,200,160,sigmoid,binary_crossentropy,0.1,14000,1,4,<class 'keras.optimizers.Nadam'>,1.3623376623376624,4,20
81,6,0.6948024248465513,0.35042735271983677,0.693584436513448,0.6062917061313433,49,32,0.7899096385542169,relu,uniform,uniform,32,relu,uniform,uniform,16,32,0.4,200,40,sigmoid,binary_crossentropy,6.039999999999999,14000,4,2,<class 'keras.optimizers.Nadam'>,1.3623376623376624,4,10
82,9,0.6930759279136984,0.6495726495726496,0.6934344607154111,0.500476644650542,49,16,0.7899096385542169,relu,uniform,uniform,32,relu,uniform,uniform,16,64,0.30000000000000004,200,20,sigmoid,binary_crossentropy,2.08,14000,4,4,<class 'keras.optimizers.Nadam'>,1.3623376623376624,2,10
83,10,0.10136346843762276,0.7179487184581593,0.03655640621273623,0.8989513823256479,49,16,0.7899096385542169,relu,uniform,uniform,8,relu,uniform,uniform,16,64,0.0,200,20,sigmoid,logcosh,4.06,14000,1,2,<class 'keras.optimizers.Adam'>,1.3623376623376624,2,5
84,8,0.11050895327686244,0.6923076928171337,0.047040738542049834,0.8703527168732126,49,16,0.7899096385542169,relu,uniform,uniform,32,relu,uniform,uniform,32,64,0.0,200,160,sigmoid,logcosh,4.06,14000,1,1,<class 'keras.optimizers.Adam'>,1.3623376623376624,2,5
85,11,0.10863996953026861,0.675213676232558,0.05036927811496024,0.8493803623065821,49,16,0.7899096385542169,relu,uniform,uniform,16,relu,uniform,uniform,16,32,0.1,200,20,sigmoid,logcosh,2.08,14000,2,1,<class 'keras.optimizers.Adam'>,1.3623376623376624,4,5
86,17,0.07851021049114373,0.7521367546839591,0.08777219238908547,0.7473784552175051,49,32,0.7899096385542169,relu,uniform,uniform,32,relu,uniform,uniform,32,32,0.2,200,160,sigmoid,logcosh,0.1,14000,2,2,<class 'keras.optimizers.Adam'>,1.3623376623376624,4,5
87,11,0.15200869649903387,0.6495726495726496,0.2168904654291042,0.6329837942600705,49,16,0.7899096385542169,relu,uniform,uniform,16,relu,uniform,uniform,32,64,0.1,200,80,sigmoid,logcosh,4.06,14000,4,2,<class 'keras.optimizers.Adam'>,1.3623376623376624,2,10
88,9,0.08947621397355683,0.7350427350427351,0.06889894424278016,0.8141086750989647,49,16,0.7899096385542169,relu,uniform,uniform,8,relu,uniform,uniform,16,32,0.1,200,20,sigmoid,logcosh,8.02,14000,2,2,<class 'keras.optimizers.Adam'>,1.3623376623376624,2,10
89,8,0.09062276933437739,0.7521367536650764,0.06752870449915287,0.8226882747176492,49,32,0.7899096385542169,relu,uniform,uniform,8,relu,uniform,uniform,16,32,0.1,200,80,sigmoid,logcosh,4.06,14000,1,2,<class 'keras.optimizers.Nadam'>,1.3623376623376624,4,5
90,11,0.6927364641784602,0.6495726495726496,0.6934376157273328,0.6015252623248941,49,16,0.7899096385542169,relu,uniform,uniform,16,relu,uniform,uniform,32,32,0.30000000000000004,200,160,sigmoid,binary_crossentropy,6.039999999999999,14000,4,4,<class 'keras.optimizers.Adam'>,1.3623376623376624,4,20
91,6,0.6918970810042487,0.649572652629298,0.6934169243357088,0.6282173504252111,49,32,0.7899096385542169,relu,uniform,uniform,16,relu,uniform,uniform,32,64,0.30000000000000004,200,160,sigmoid,binary_crossentropy,6.039999999999999,14000,4,1,<class 'keras.optimizers.Adam'>,1.3623376623376624,2,5
92,10,0.28177221208556086,0.3504273504273504,0.2168904526302994,0.3670162061376726,49,16,0.7899096385542169,relu,uniform,uniform,16,relu,uniform,uniform,32,32,0.0,200,20,sigmoid,logcosh,4.06,14000,2,4,<class 'keras.optimizers.Adam'>,1.3623376623376624,2,10
93,14,0.08762808850942513,0.7521367526461935,0.07047316269528252,0.8322211630123928,49,16,0.7899096385542169,relu,uniform,uniform,8,relu,uniform,uniform,32,32,0.1,200,80,sigmoid,logcosh,8.02,14000,1,1,<class 'keras.optimizers.Adam'>,1.3623376623376624,4,10
94,6,0.6919323501423893,0.649572652629298,0.6933151035790676,0.624404194130002,49,32,0.7899096385542169,relu,uniform,uniform,32,relu,uniform,uniform,32,32,0.1,200,160,sigmoid,binary_crossentropy,6.039999999999999,14000,4,1,<class 'keras.optimizers.Adam'>,1.3623376623376624,4,10
95,9,0.5640180717166673,0.7606837611932021,0.5675168978929293,0.7311725454516815,49,16,0.7899096385542169,relu,uniform,uniform,32,relu,uniform,uniform,16,64,0.2,200,160,sigmoid,binary_crossentropy,0.1,14000,4,2,<class 'keras.optimizers.Adam'>,1.3623376623376624,4,20
96,8,0.6943378749056759,0.3504273504273504,0.6936131675432021,0.44709246902521504,49,16,0.7899096385542169,relu,uniform,uniform,16,relu,uniform,uniform,32,32,0.30000000000000004,200,160,sigmoid,binary_crossentropy,4.06,14000,1,4,<class 'keras.optimizers.Nadam'>,1.3623376623376624,2,5
97,6,0.15200870114768672,0.649572652629298,0.21689979484867664,0.6253574839992905,49,32,0.7899096385542169,relu,uniform,uniform,32,relu,uniform,uniform,32,64,0.2,200,160,sigmoid,logcosh,8.02,14000,4,4,<class 'keras.optimizers.Nadam'>,1.3623376623376624,4,20
98,8,0.1200478442459025,0.6495726495726496,0.12026671980737617,0.4852240228860349,49,16,0.7899096385542169,relu,uniform,uniform,8,relu,uniform,uniform,16,64,0.4,200,40,sigmoid,logcosh,8.02,14000,1,2,<class 'keras.optimizers.Nadam'>,1.3623376623376624,4,5
99,6,0.15200869649903387,0.6495726495726496,0.202529913320555,0.5910390850131687,49,16,0.7899096385542169,relu,uniform,uniform,32,relu,uniform,uniform,16,64,0.30000000000000004,200,80,sigmoid,logcosh,6.039999999999999,14000,2,2,<class 'keras.optimizers.Nadam'>,1.3623376623376624,4,10
